Shop,Address,Name_product,Name_product_en,Price,Description,Description_en,Tag_en,Tag,URL_images
Behome Spa Store,Thành phố Hồ Chí Minh,Serum tế bào gốc Saffon Behome Spa,Saffron Stem Cell Serum Behome Spa,329000,Serum tế bào gốc Saffon Behome Spa Cải thiện làn da xua tan vết nám phục hồi da giảm nám tàn nhang se khít lỗ chân lông.,"Saffron Behome Spa Stem Cell Serum improves skin, fades dark spots, restores skin, reduces freckles and age spots, and tightens pores. BEHOME SPA ORGANIC SUNSCREEN - NEW GENERATION - The secret to maximum protection for your skin from UVB and UVA rays, 100% natural",Fashion,Thời trang,https://down-vn.img.susercontent.com/file/c391e2d3d71a91ac76f4f93cf344cc84
Behome Spa Store,Thành phố Hồ Chí Minh,KEM CHỐNG NẮNG HỮU CƠ BEHOME SPA THẾ HỆ MỚI,Behome Spa New Generation Organic Sunscreen,298000,"KEM CHỐNG NẮNG HỮU CƠ BEHOME SPA THẾ HỆ MỚI-Bí Quyết bảo vệ tối đa làn da của bạn khỏi tia UVB và UVA, 100% thiên nhiên","BEHOME SPA Bakuchiol FACE CREAM brightens and smooths skin ❤️Free shipping❤️ Helps fade dark spots, freckles, and blemishes, moisturizes",Fashion,Thời trang,https://down-vn.img.susercontent.com/file/8d092e85ec3d754131988c59ed261273
Behome Spa Store,Thành phố Hồ Chí Minh,Kem FACE Bakuchiol BEHOME SPA dưỡng trắng da trắng sáng mịn màng,"Behome Spa Bakuchiol Face Cream for bright, smooth, and radiant skin",60000,"Kem FACE Bakuchiol BEHOME SPA dưỡng trắng da trắng sáng mịn màng❤️Freeship❤️ Giúp da mờ thâm sạm nám tàn nhang, dưỡng ẩm","REGENERATION COMBO: BIOLOGICAL SKIN PEEL, BEHOME SPA WHITENING AND REGENERATING FACE CREAM FROM JAPAN - THE SECRET TO REGENERATING A ROSY WHITE COMPLEXION",Fashion,Thời trang,https://down-vn.img.susercontent.com/file/vn-11134207-7r98o-llj2tvfsx5ti22
Behome Spa Store,Thành phố Hồ Chí Minh,"COMBO TÁI TẠO: PEEL DA SINH HOC, KEM FACE TÁI TẠO TRẮNG DA BEHOME SPA TỪ NHẬT BẢN BÍ QUYẾT TÁI TẠO CHO LÀN DA TRẮNG HỒNG","Regeneration Combo: Biological Skin Peel, Behome Spa Whitening and Regenerating Face Cream from Japan - The Secret to Rejuvenating for a Rosy White Complexion",667000,"COMBO TÁI TẠO: PEEL DA SINH HOC, KEM FACE TÁI TẠO TRẮNG DA BEHOME SPA TỪ NHẬT BẢN BÍ QUYẾT TÁI TẠO CHO LÀN DA TRẮNG HỒNG","COMPREHENSIVE COMBO: BIOLOGICAL SKIN PEEL, WHITENING AND REGENERATING FACE CREAM, STEM CELL SERUM, BEHOME SPA SUNSCREEN MILK FROM JAPAN JAPAN",Fashion,Thời trang,https://down-vn.img.susercontent.com/file/d9877849807cdab7cd5b47584b9ef841
Behome Spa Store,Thành phố Hồ Chí Minh,"COMBO TỔNG HỢP: PEEL DA SINH HOC, KEM FACE TÁI TẠO TRẮNG DA, SERUM TẾ BÀO GỐC, KEM SỮA CHỐNG NẮNG BEHOME SPA TỪ NHẬT BẢN","Combo: Biological Skin Peel, Whitening and Regenerating Face Cream, Stem Cell Serum, Behome Spa Sunscreen Milk from Japan",1314000,"COMBO TỔNG HỢP: PEEL DA SINH HOC, KEM FACE TÁI TẠO TRẮNG DA, SERUM TẾ BÀO GỐC, KEM SỮA CHỐNG NẮNG BEHOME SPA TỪ NHẬT BẢN","BEHOME SPA Natural Herbal Facial Cleanser - Whitening Facial Cleanser with GREEN TEA, MINT, and CHAMOMILE extracts from JAPAN",Fashion,Thời trang,https://down-vn.img.susercontent.com/file/c40aa7f44d09a5dc791ff959d802ac14
Behome Spa Store,Thành phố Hồ Chí Minh,"Sữa Rửa Mặt Thảo Dược Thiên Nhiên BEHOME SPA - Sữa rửa mặt trắng da Tinh chất TRÀ XANH, BẠC HÀ, và HOA CÚC của NHẬT BẢN","Behome Spa Natural Herbal Facial Cleanser - Whitening Facial Cleanser with Green Tea and Silver Extracts HA, and JAPANESE DAISIES",218000,"Sữa Rửa Mặt Thảo Dược Thiên Nhiên BEHOME SPA - Sữa rửa mặt trắng da Tinh chất TRÀ XANH, BẠC HÀ, và HOA CÚC của NHẬT BẢN","Bamboo Handheld Fabric Fan - 12 Zodiac Animals - Vietnamese Gift Fabric Fan, Folding Fan",Fashion,Thời trang,https://down-vn.img.susercontent.com/file/d3ade195d37615b250ef14ae5b1237df
ta concept,Thành phố Hồ Chí Minh,"Quạt vải cầm tay nan tre - 12 Con Giáp - Quạt vải quà tặng Việt Nam, quạt xếp, quạt gấp","Handheld fabric fan with bamboo ribs - 12 Zodiac Animals - Vietnamese gift fabric fan, folding fan",121500,"Quạt vải cầm tay nan tre - 12 Con Giáp - Quạt vải quà tặng Việt Nam, quạt xếp, quạt gấp","Bamboo Handheld Fabric Fan - Various Patterns - Vietnamese Gift Fabric Fan, Folding Fan",Fashion,Thời trang,https://down-vn.img.susercontent.com/file/vn-11134207-81ztc-ml76jr101am864
ta concept,Thành phố Hồ Chí Minh,"Quạt vải cầm tay nan tre - Nhiều hoạ tiết - Quạt vải quà tặng Việt Nam, quạt xếp, quạt gấp","Handheld fabric fan with bamboo ribs - Various patterns - Vietnamese gift fabric fan, folding fan",121500,"Quạt vải cầm tay nan tre - Nhiều hoạ tiết - Quạt vải quà tặng Việt Nam, quạt xếp, quạt gấp","Bamboo Handheld Fabric Fan - Urban Impression Collection - Vietnamese Gift Fabric Fan, Folding Fan",Fashion,Thời trang,https://down-vn.img.susercontent.com/file/vn-11134207-81ztc-mmu6s9v8yiv477
ta concept,Thành phố Hồ Chí Minh,"Quạt vải cầm tay nan tre - BST Dấu ấn đô thị - Quạt vải quà tặng Việt Nam, quạt xếp, quạt gấp","Handheld fabric fan with bamboo ribs - Urban Impression Collection - Vietnamese gift fabric fan, folding fan",121500,"Quạt vải cầm tay nan tre - BST Dấu ấn đô thị - Quạt vải quà tặng Việt Nam, quạt xếp, quạt gấp","Bamboo Handheld Fabric Fan - 12 Zodiac Animals - White - Vietnamese Gift Fabric Fan, Folding Fan",Fashion,Thời trang,https://down-vn.img.susercontent.com/file/vn-11134207-81ztc-mlilia172m80fd
ta concept,Thành phố Hồ Chí Minh,"Quạt vải cầm tay nan tre - 12 Con Giáp - Trắng - Quạt vải quà tặng Việt Nam, quạt xếp, quạt gấp","Handheld fabric fan with bamboo ribs - 12 Zodiac Animals - White - Vietnamese gift fabric fan, folding fan",121500,"Quạt vải cầm tay nan tre - 12 Con Giáp - Trắng - Quạt vải quà tặng Việt Nam, quạt xếp, quạt gấp","Bamboo Handheld Fabric Fan - 12 Zodiac Animals - Blue - Vietnamese Gift Fabric Fan, Folding Fan",Fashion,Thời trang,https://down-vn.img.susercontent.com/file/vn-11134207-81ztc-mo9ignajzg9795
ta concept,Thành phố Hồ Chí Minh,"Quạt vải cầm tay nan tre - 12 Con Giáp - Xanh Dương - Quạt vải quà tặng Việt Nam, quạt xếp, quạt gấp","Handheld fabric fan with bamboo ribs - 12 Zodiac Animals - Blue - Vietnamese gift fabric fan, folding fan",121500,"Quạt vải cầm tay nan tre - 12 Con Giáp - Xanh Dương - Quạt vải quà tặng Việt Nam, quạt xếp, quạt gấp",Haste Men's and Women's High-Neck Plain White and Black Simple Sporty Style Cotton Fabric Deodorizing Breathable,Fashion,Thời trang,https://down-vn.img.susercontent.com/file/vn-11134207-81ztc-mo9j6t77ku1999
Haste Store,Thành phố Hồ Chí Minh,Tất Vớ Nam Nữ Haste Cổ Cao Trơn Trắng Đen Đơn Giản Phong Cách Thể Thao Vải Cotton Khử Mùi Thoáng Khí,Haste Men's and Women's High-Neck Plain White and Black Simple Sporty Style Cotton Fabric Deodorizing Breathable,80000,Tất Vớ Nam Nữ Haste Cổ Cao Trơn Trắng Đen Đơn Giản Phong Cách Thể Thao Vải Cotton Khử Mùi Thoáng Khí,"KIYOMI Beautiful Long Women's Wallet, High-End, Multi-Compartment, Affordable, Fashionable, Cute, and Adorable STORE",Fashion,Thời trang,https://down-vn.img.susercontent.com/file/sg-11134201-22090-8aoy407qvwhvea
KIYOMI STORE,Thành phố Hồ Chí Minh,Ví nữ dài đẹp cầm tay cao cấp nhiều ngăn giá rẻ cao cấp thời trang cute dễ thương giá rẻ  KIYOMI STORE,"Beautiful long women's wallet, high-end, multi-compartment, affordable, fashionable, cute, lovely, affordable KIYOMI STORE",60000,Ví nữ dài đẹp cầm tay cao cấp nhiều ngăn giá rẻ cao cấp thời trang cute dễ thương giá rẻ  KIYOMI STORE,"Custom Engraved Mini Women's Wallet, Compact and Stylish, High-End, Beautiful and Affordable KIYOMI STORE",Fashion,Thời trang,https://down-vn.img.susercontent.com/file/135110ced65ac53ddc4fbf2a849323ba
KIYOMI STORE,Thành phố Hồ Chí Minh,Ví nữ khắc theo yêu cầu mini ngắn cầm tay nhỏ ngọn cao cấp ngắn đẹp sang trọng giá rẻ KIYOMI STORE,"Custom engraved women's wallet, mini short handheld, compact, high-end, beautiful, elegant, affordable KIYOMI STORE",35000,Ví nữ khắc theo yêu cầu mini ngắn cầm tay nhỏ ngọn cao cấp ngắn đẹp sang trọng giá rẻ KIYOMI STORE,"Beautiful Engraved Mini Women's Wallet, Multi-Compartment, Affordable, Compact, Korean Fashion KIYOMI STORE",Fashion,Thời trang,https://down-vn.img.susercontent.com/file/4a40edd1768d2ffe8efa85b1fa03f0dd
KIYOMI STORE,Thành phố Hồ Chí Minh,Ví nữ ngắn khắc chữ đẹp cầm tay mini cao cấp  nhiều ngăn bỏ túi giá rẻ nhỏ gọn thời trang  Hàn Quốc KIYOMI STORE,"Short women's wallet with beautiful engraved lettering KIYOMI STORE Premium Mini Handheld Fan with Multiple Compartments, Affordable and Compact, Korean Fashion",75000,Ví nữ ngắn khắc chữ đẹp cầm tay mini cao cấp  nhiều ngăn bỏ túi giá rẻ nhỏ gọn thời trang  Hàn Quốc KIYOMI STORE,"Classic Embroidered Round Hand Fan, Chinese Hanfu Style, Unique Floral Pattern, Bridal Prop, Long Handle PK03",Fashion,Thời trang,https://down-vn.img.susercontent.com/file/04373eb256d8807378bf08ccc762d178
@ANAN,Thành phố Hà Nội,Quạt tròn thêu cầm tay cổ điển hán phục Trung Quốc thêu hoa tử vi họa tiết độc đáo quạt cô dâu đạo cụ cán dài,"Classic Chinese Hanfu-style embroidered round hand fan with unique floral patterns, bridal prop fan, long handle",335000,Quạt tròn thêu cầm tay cổ điển hán phục Trung Quốc thêu hoa tử vi họa tiết độc đáo quạt cô dâu đạo cụ cán dài PK03,"Round Peacock Feather Hand Fan, 7 Feathers, Purple Bamboo Stem, Hand-Embroidered Pattern on the Back, Unique Stone Embellishments PK06",Fashion,Thời trang,https://down-vn.img.susercontent.com/file/vn-11134207-81ztc-mmh860uh0vep89
@ANAN,Thành phố Hà Nội,Quạt lông công tròn cầm tay ghim 7 lông thân tre tím mặt sau họa tiết thêu thủ công đính phụ kiện đá độc đáo,"Peacock feather round hand fan with 7 feathers, purple bamboo body, hand-embroidered back with unique stone embellishments",400000,Quạt lông công tròn cầm tay ghim 7 lông thân tre tím mặt sau họa tiết thêu thủ công đính phụ kiện đá độc đáo PK06,"Cotton Drawstring Bag with Embroidered Vietnamese Ao Dai Girl and Flowers, Various Sizes - Gift Bag",Fashion,Thời trang,https://down-vn.img.susercontent.com/file/vn-11134207-81ztc-mmh9xw9046ww99
hu72vf5zw0,Thành phố Hà Nội,"Túi vải cotton dây rút thêu cô gái áo dài Việt Nam, hoa xinh các size","Cotton drawstring bag embroidered with Vietnamese Ao Dai girl, beautiful flowers, various sizes",15000,"Túi vải cotton dây rút thêu cô gái áo dài Việt Nam, hoa xinh các size - túi đựng quà tặng",Crossbody Brocade Phone Bag 14/20 cm - Made in Vietnam,Fashion,Thời trang,https://down-vn.img.susercontent.com/file/vn-11134207-7r98o-lwayzqtyarx7b3
hu72vf5zw0,Thành phố Hà Nội,Túi thổ cẩm đeo chéo đựng điện thoại 14/20 cm,Crossbody brocade phone bag 14/20 cm,23000,Túi thổ cẩm đeo chéo đựng điện thoại 14/20 cm - made in Việt Nam,"FORMFUNCTION Short Wallet, Multi-Slot Mobile Money Pouch, Cute Bear and Rabbit PU Card Holder for Women",Fashion,Thời trang,https://down-vn.img.susercontent.com/file/vn-11134207-7r98o-lxlzsc5pr5jv28
FormFunction.vn,Thành phố Hồ Chí Minh,"Ví ngắn FORMFUNCTION, Túi đựng tiền di động nhiều khe, Hộp đựng thẻ PU gấu và thỏ dễ thương dành cho nữ","FORMFUNCTION short wallet, multi-slot mobile money pouch, cute bear and rabbit PU card holder for women",44426,"Ví ngắn FORMFUNCTION, Túi đựng tiền di động nhiều khe, Hộp đựng thẻ PU gấu và thỏ dễ thương dành cho nữ","Tank Tops, Corset Chest Shaper for Lesbians and Tomboys, Adhesive",Fashion,Thời trang,https://down-vn.img.susercontent.com/file/sg-11134201-81zv2-mmskpr0mtuyre8
FormFunction.vn,Thành phố Hồ Chí Minh,"Áo Tank Tops Corset Ngực Shaper Cho Lesbian và Tomboy, Chất Kết Dính","Tank Tops Corset Chest Shaper for Lesbian and Tomboy, Adhesive",57715,"Áo Tank Tops Corset Ngực Shaper Cho Lesbian và Tomboy, Chất Kết Dính","FORMFUNCTION Retro PU Leather Belt with Studs, Suitable for Y2K Gothic Style Steampunk",Fashion,Thời trang,https://down-vn.img.susercontent.com/file/sg-11134201-81zu8-mmv73mw959fsbd
FormFunction.vn,Thành phố Hồ Chí Minh,"FORMFUNCTION Thắt lưng daPU retro với đinh tán, phù hợp phong cách y2k Gothic và Steampunk","FORMFUNCTION retro PU belt with studs, suitable for Y2K Gothic and Steampunk style",72265,"FORMFUNCTION Thắt lưng daPU retro với đinh tán, phù hợp phong cách y2k Gothic và Steampunk","FORMFUNCTION 12 Pieces Table Skirt Clips, Lightweight 2.5in Tablecloth Clips, Easy-to-Use Plastic Practical Indoor Outdoor Event Table Skirt Clips",Fashion,Thời trang,https://down-vn.img.susercontent.com/file/sg-11134201-81zuh-mmskqt79lvk59d
FormFunction.vn,Thành phố Hồ Chí Minh,"FORMFUNCTION 12 Chiếc Kẹp Váy Bàn, Kẹp Khăn Trải Bàn Trọng Lượng Nhẹ 2.5in, Nhựa Dễ Dàng Ứng Dụng Thực Tế Kẹp Váy Bàn Trong Nhà Ngoài Trời Sự Kiện","FORMFUNCTION 12 Pieces Table Skirt Clips, Lightweight 2.5in Tablecloth Clips, Easy-to-Use Plastic Table Skirt Clips for Indoor and Outdoor Events",99328,"FORMFUNCTION 12 Chiếc Kẹp Váy Bàn, Kẹp Khăn Trải Bàn Trọng Lượng Nhẹ 2.5in, Nhựa Dễ Dàng Ứng Dụng Thực Tế Kẹp Váy Bàn Trong Nhà Ngoài Trời Sự Kiện","FORMFUNCTION Waist Bag, Multifunctional Fanny Pack Shoulder Bag, Hot-Stamped Waterproof Korean Style Lightweight Crossbody Bag",Fashion,Thời trang,https://down-vn.img.susercontent.com/file/sg-11134201-81zwc-mmskqomxv5s4c3
FormFunction.vn,Thành phố Hồ Chí Minh,"Túi đeo thắt lưng FORMFUNCTION, Túi đeo vai ngực đa chức năng Fanny Pack, Chữ dập nóng chống nước Túi đeo chéo phong cách Hàn Quốc nhẹ","FORMFUNCTION Waist Bag Multifunctional Fanny Pack Shoulder Bag, Hot-stamped Waterproof Crossbody Bag, Lightweight Korean Style",54223,"Túi đeo thắt lưng FORMFUNCTION, Túi đeo vai ngực đa chức năng Fanny Pack, Chữ dập nóng chống nước Túi đeo chéo phong cách Hàn Quốc nhẹ",High-Quality Transparent Strap Sandals Size 38 - Quick Sale! NEW 100%,Fashion,Thời trang,https://down-vn.img.susercontent.com/file/sg-11134201-823pj-moi3xhd4dts1b5
AHY Uniform,Thành phố Hà Nội,Dép quai trong cao cấp size 38,"High-Quality Transparent Strap Sandals, Size 38",120000,Dép quai trong cao cấp size 38 -pass nhanh ạ NEW 100%,"Mini Women's Wallet with Custom Engraving, Korean Style - Birthday Gift for Women, Gift for Women",Fashion,Thời trang,https://down-vn.img.susercontent.com/file/vn-11134207-7qukw-lkgp75whnj4s99
Quà Tặng Lưu Niệm Độc Đáo,Thành phố Hồ Chí Minh,Ví Nữ Mini Khắc Tên Theo Yêu Cầu Phong Cách Hàn Quốc,"Custom Engraved Mini Wallet for Women, Korean Style",49000,"Ví Nữ Mini Khắc Tên Theo Yêu Cầu Phong Cách Hàn Quốc - Quà Sinh Nhật Cho Nữ, Quà Tặng Cho Nữ","Cotton Drawstring Bag with Embroidered Flowers, Vietnamese Ao Dai - Gift Bag in Various Sizes",Fashion,Thời trang,https://down-vn.img.susercontent.com/file/vn-11134207-81ztc-mllk7gw5j5l074
Minh Nguyệt handmade,Thành phố Hà Nội,"Túi vải cotton rút dây thêu hoa , áo dài Việt Nam","Cotton Drawstring Bag with Embroidered Flowers, Vietnamese Ao Dai (traditional dress)",15000,"Túi vải cotton rút dây thêu hoa , áo dài Việt Nam - túi đựng quà tặng nhiều size","Fashionable Mulberry Wood Wrapped Silk Bracelet, Wards Off Bad Luck",Fashion,Thời trang,https://down-vn.img.susercontent.com/file/vn-11134207-7ras8-m4hbdfm3nnd363
Minh Nguyệt handmade,Thành phố Hà Nội,"VÒNG LỤA BỌC GỖ DÂU TẰM THỜI TRANG, TRÁNH ĐIỀM XUI","Fashionable Mulberry Wood Wrapped Silk Bracelet, Wards Off Bad Luck",97000,"VÒNG LỤA BỌC GỖ DÂU TẰM THỜI TRANG, TRÁNH ĐIỀM XUI","Vietnamese Conical Hat, 7 Decorative Conical Hat Strings - Conical Hat Bells, Vietnamese Souvenir Gift",Fashion,Thời trang,https://down-vn.img.susercontent.com/file/vn-11134207-7ra0g-m8tusk8mcepua2
Minh Nguyệt handmade,Thành phố Hà Nội,"Nón lá Việt Nam , dây nón lá 7 trang trí - chuông nón lá","Vietnamese Conical Hat, 7 Decorative Conical Hat Strings - Conical Hat Bells",55000,"Nón lá Việt Nam , dây nón lá 7 trang trí - chuông nón lá , quà tặng lưu niệm Việt Nam","Mulberry Wood Wrapped Silk Bracelet to Ward Off Bad Luck, 1.2m Long String - Vietnamese Souvenir Gift",Fashion,Thời trang,https://down-vn.img.susercontent.com/file/vn-11134207-820l4-mfyrjfvy055a74
Minh Nguyệt handmade,Thành phố Hà Nội,Vòng lụa bọc dâu tằm xua đuổi vận xui dây dài 1m2,"Mulberry Wood Wrapped Silk Bracelet to Ward Off Bad Luck, 1.2m Long String",105000,Vòng lụa bọc dâu tằm xua đuổi vận xui dây dài 1m2 - Quà Tặng Lưu Niệm Việt Nam,Unique fashion accessory showcasing Vietnamese cultural heritage from Minh Nguyệt handmade: (Gift Set).,Fashion,Thời trang,https://down-vn.img.susercontent.com/file/vn-11134207-7ras8-mdayrorju91b74
Đệ Nhị Thập Ngũ Tiểu Thời,Tỉnh Quảng Ninh,Hộp quà đá thơm Phù thủy xứ Oz | Đồ trang trí nhà bằng đá pha lê Quà tặng tinh dầu trị liệu bằng hương thơm dành cho các,Wizard of Oz Aromatherapy Stone Gift Box | Crystal Stone Home Decoration and Aromatherapy Essential Oil Gift Set,627227,Hộp quà đá thơm Phù thủy xứ Oz | Đồ trang trí nhà bằng đá pha lê Quà tặng tinh dầu trị liệu bằng hương thơm dành cho các,The Wizard of Oz Scented Stone Gift Box | Home Decor Crystal Stones Aromatherapy Essential Oil Gifts,Gift Sets,Quà tặng,https://down-vn.img.susercontent.com/file/sg-11134201-8261g-mm7rx2101fcy03
Mây Tre Đạo Cụ Decor,Thành phố Đà Nẵng,Combo 10 Cái Cao Sao Vàng Việt Nam [GOLDEN STAR BALM] Dược TW3 3gr,Combo of 10 Vietnamese Golden Star Balm (3g) - Central Pharmaceutical JSC No. 3,99000,Combo 10 Cái Cao Sao Vàng Việt Nam [GOLDEN STAR BALM] Dược TW3 3gr,Combo of 10 Golden Star Balms [GOLDEN STAR BALM] TW3 3gr,Gift Sets,Quà tặng,https://down-vn.img.susercontent.com/file/vn-11134207-7ras8-m1je9ky9cq4zea
Quà Tặng Lưu Niệm Độc Đáo,Thành phố Hồ Chí Minh,"Khung Ảnh Đa Năng Khắc Hình Và Chữ Theo Yêu Cầu - Quà Tặng Tốt Nghiệp, Món Quà Tri Ân Thầy Cô","Custom Engraved Multi-purpose Photo Frame - Graduation Gift, Teacher Appreciation Gift",379000,"Khung Ảnh Đa Năng Khắc Hình Và Chữ Theo Yêu Cầu - Quà Tặng Tốt Nghiệp, Món Quà Tri Ân Thầy Cô","Multifunctional Photo Frame with Custom Engraving - Graduation Gift, Teacher Appreciation Gift",Gift Sets,Quà tặng,https://down-vn.img.susercontent.com/file/vn-11134207-820l4-mhx5zc3ns9398d
Minh Nguyệt handmade,Thành phố Hà Nội,Sét thìa nĩa bằng trai chuôi ốc cao cấp ~ muỗng nĩa trai cao cấp ~ quà tặng lưu niệm Việt Nam,Premium Mother-of-Pearl Spoon and Fork Set with Seashell Handles - Vietnamese Souvenir Gift,50000,Sét thìa nĩa bằng trai chuôi ốc cao cấp ~ muỗng nĩa trai cao cấp ~ quà tặng lưu niệm Việt Nam,Lightweight Set with Premium Mother-of-Pearl Handle ~ Premium Mother-of-Pearl Holder ~ Vietnamese Souvenir Gift,Gift Sets,Quà tặng,https://down-vn.img.susercontent.com/file/vn-11134207-7ras8-mb1v4jnclvbrb9
Sandy Store - Giáo Cụ Dạy Học,Thành phố Đà Nẵng,Set 10 que phát sáng,Set of 10 Glow Sticks,18000,[Quà tặng mới] Set 10 que phát sáng,[New Gift] Set of 10 Glow Sticks,Gift Sets,Quà tặng,https://down-vn.img.susercontent.com/file/140cf5274eb1034774ceec83edb52a67
Sandy Store - Giáo Cụ Dạy Học,Thành phố Đà Nẵng,Combo 5 Game bóng rổ nhỏ,Combo of 5 Mini Basketball Games,19000,[Quà tặng mới] Combo 5 Game bóng rổ nhỏ,[New Gift] Combo of 5 Mini Basketball Games,Gift Sets,Quà tặng,https://down-vn.img.susercontent.com/file/287fc73b3000a6508f25acde49bcd031
BB Queens Candle,Thành phố Hồ Chí Minh,"COMBO Quà Tặng  Sinh nhật , Kỉ Niệm , Tặng Người Yêu , Gồm Nến thơm , Tinh dầu","Gift Combo for Birthdays, Anniversaries, and Loved Ones Including Scented Candles and Essential Oils",129000,"COMBO Quà Tặng  Sinh nhật , Kỉ Niệm , Tặng Người Yêu , Gồm Nến thơm , Tinh dầu","COMBO Gifts for Birthdays, Anniversaries, Gifts for Lovers, Scented Candles, Essential Oils",Gift Sets,Quà tặng,https://down-vn.img.susercontent.com/file/vn-11134207-7ras8-m33teadkqp5aac
BB Queens Candle,Thành phố Hồ Chí Minh,Thiệp In nội dung giấy Kraft ( Bán kèm set quà tặng ),Custom Printed Kraft Paper Card (Sold Together with Gift Sets),15000,Thiệp In nội dung giấy Kraft ( Bán kèm set quà tặng ),Kraft Paper Greeting Cards (Sold with Gift Set),Gift Sets,Quà tặng,https://down-vn.img.susercontent.com/file/vn-11134207-7r98o-lvm0x9z23jf580
Quà Tặng Lưu Niệm Độc Đáo,Thành phố Hồ Chí Minh,"Khung Ảnh Đa Năng Khắc Hình Và Chữ Theo Yêu Cầu - Quà Tặng Tốt Nghiệp, Món Quà Tri Ân Thầy Cô","Custom Engraved Multi-purpose Photo Frame - Graduation Gift, Teacher Appreciation Gift",379000,"Khung Ảnh Đa Năng Khắc Hình Và Chữ Theo Yêu Cầu - Quà Tặng Tốt Nghiệp, Món Quà Tri Ân Thầy Cô","Multifunctional Photo Frame with Custom Engraving - Graduation Gift, Teacher Appreciation Gift",Gift Sets,Quà tặng,https://down-vn.img.susercontent.com/file/vn-11134207-820l4-mhx5zc3ns9398d
Quà Tặng Kỷ Niệm Chương PT,Thành phố Hồ Chí Minh,Kỷ Niệm Chương Chibi  In Hình Tốt Nghiệp/Sinh Nhật,Custom Printed Chibi Commemorative Plaque for Graduation/Birthday,220000,Kỷ Niệm Chương Chibi  In Hình Tốt Nghiệp/Sinh Nhật,Chibi Commemorative Plaque with Graduation/Birthday Photo,Gift Sets,Quà tặng,https://down-vn.img.susercontent.com/file/vn-11134207-820l4-mg10kbojmgi586
Quà Tặng Kỷ Niệm Chương PT,Thành phố Hồ Chí Minh,Kỷ Niệm Chương Thủy Tinh/Pha Lê Giá Rẻ In Nội Dung Theo Yêu Cầu-THIẾT KẾ MIỄN PHÍ,Affordable Crystal/Glass Commemorative Plaque with Custom Printing - FREE DESIGN,95000,[Quà Lưu Niệm] Kỷ Niệm Chương Thủy Tinh/Pha Lê Giá Rẻ In Nội Dung Theo Yêu Cầu-THIẾT KẾ MIỄN PHÍ,[Souvenir Gift] Affordable Glass/Crystal Commemorative Plaque with Custom Content - DESIGN Puff,Gift Sets,Quà tặng,https://down-vn.img.susercontent.com/file/vn-11134207-820l4-mg0wvktyibd808
Quà Tặng Kỷ Niệm Chương PT,Thành phố Hồ Chí Minh,Sản xuất Kỷ niệm chương thủy tinh in nội dung theo yêu cầu,Custom-made Crystal Commemorative Plaque with Personalized Printing,190000,[Quà lưu niệm] Sản xuất Kỷ niệm chương thủy tinh in nội dung theo yêu cầu,[Souvenirs] Custom-printed glass commemorative plaques,Gift Sets,Quà tặng,https://down-vn.img.susercontent.com/file/vn-11134207-7ras8-mbxoqtqljf5e48
Minh Nguyệt handmade,Thành phố Hà Nội,"Sét thìa nĩa bằng trai chuôi ốc cao cấp, muỗng nĩa trai cao cấp, quà tặng lưu niệm Việt Nam",Premium Mother-of-Pearl Spoon and Fork Set with Seashell Handles - Vietnamese Souvenir Gift,50000,Sét thìa nĩa bằng trai chuôi ốc cao cấp ~ muỗng nĩa trai cao cấp ~ quà tặng lưu niệm Việt Nam,Lightweight set made of high-grade mother-of-pearl ~ high-grade mother-of-pearl ~ Vietnamese souvenir gift,Gift Sets,Quà tặng,https://down-vn.img.susercontent.com/file/vn-11134207-7ras8-mb1v4jnclvbrb9
Lilforest,Thành phố Hà Nội,"Quà tặng thủ công nghệ thuật từ thiên nhiên LilForest, trang trí để bàn với cây không cần chăm sóc (size 10)",LilForest Handmade Artistic Gift from Nature for Desk Decoration with No-maintenance Plants (Size 10),579000,"Quà tặng thủ công nghệ thuật từ thiên nhiên LilForest, trang trí để bàn với cây không cần chăm sóc (size 10)","LilForest handcrafted art gift from nature, table decoration with a no-maintenance plant (size 10)",Gift Sets,Quà tặng,https://down-vn.img.susercontent.com/file/vn-11134207-81ztc-moq7toh3ls0de8
Lilforest,Thành phố Hà Nội,"Thuận Buồm Xuôi Gió - Quà Tặng thủ công Lilforest từ thiên nhiên, trang trí để bàn với cây không cần chăm sóc",Smooth Sailing - LilForest Handmade Natural Gift for Desk Decoration with No-maintenance Plants,599000,"Thuận Buồm Xuôi Gió - Quà Tặng thủ công Lilforest từ thiên nhiên, trang trí để bàn với cây không cần chăm sóc","Smooth Sailing - LilForest handcrafted art gift from nature, table decoration with a no-maintenance plant",Gift Sets,Quà tặng,https://down-vn.img.susercontent.com/file/vn-11134207-81ztc-moq7v7cmr4zzda
Lilforest,Thành phố Hà Nội,"Quà tặng Phật Giáo - hộp quà thủ công nghệ thuật LilForest từ thiên nhiên, trang trí để bàn với cây không cần chăm sóc",Buddhist Gift Box - LilForest Handmade Artistic Gift from Nature with No-maintenance Plants,659000,"Quà tặng Phật Giáo - hộp quà thủ công nghệ thuật LilForest từ thiên nhiên, trang trí để bàn với cây không cần chăm sóc","Buddhist gift - LilForest handcrafted art gift box from nature, table decoration with a no-maintenance plant",Gift Sets,Quà tặng,https://down-vn.img.susercontent.com/file/vn-11134207-81ztc-moq7roxhz1n007
Lilforest,Thành phố Hà Nội,"Quà tặng Công Giáo kết hợp tượng Đức Mẹ trong bể hoa và rêu khô LilForest, từ thiên nhiên, không cần chăm sóc",Catholic Gift Featuring Virgin Mary Statue in a Moss and Flower Terrarium by LilForest,979000,"Quà tặng Công Giáo kết hợp tượng Đức Mẹ trong bể hoa và rêu khô LilForest, từ thiên nhiên, không cần chăm sóc","LilForest gift combining a statue of the Virgin Mary in a flower pot and good luck, from nature, no-maintenance",Gift Sets,Quà tặng,https://down-vn.img.susercontent.com/file/vn-11134207-81ztc-moq7sotq28zx19
Lilforest,Thành phố Hà Nội,"Quà tặng sinh nhật nghệ thuật độc đáo LilForest từ thiên nhiên, trang trí để bàn với cây không cần chăm sóc",Unique Artistic Birthday Gift by LilForest Made from Nature for Desk Decoration,629000,"Quà tặng sinh nhật nghệ thuật độc đáo LilForest từ thiên nhiên, trang trí để bàn với cây không cần chăm sóc","LilForest exclusive art birthday gift from nature, table decoration with a no-maintenance plant",Gift Sets,Quà tặng,https://down-vn.img.susercontent.com/file/vn-11134207-81ztc-moq7nit708we19
Lilforest,Thành phố Hà Nội,"Quà tặng cưới, anniversary thủ công nghệ thuật Lilforest từ thiên nhiên, trang trí để bàn với cây không cần chăm sóc",Handcrafted Wedding and Anniversary Gift by LilForest Made from Nature,579000,"Quà tặng cưới, anniversary thủ công nghệ thuật Lilforest từ thiên nhiên, trang trí để bàn với cây không cần chăm sóc","LilForest handcrafted art wedding/anniversary gift from nature, table decoration with a no-maintenance plant",Gift Sets,Quà tặng,https://down-vn.img.susercontent.com/file/vn-11134207-81ztc-moq7knhl3i8c04
Lilforest,Thành phố Hà Nội,"Quà tặng Mẹ, Bác gái thủ công nghệ thuật LilForest từ thiên nhiên, trang trí để bàn với cây không cần chăm sóc",Handmade Gift for Mother or Aunt by LilForest Made from Nature,599000,"Quà tặng Mẹ, Bác gái thủ công nghệ thuật LilForest từ thiên nhiên, trang trí để bàn với cây không cần chăm sóc","LilForest handcrafted art gift for Mother/Aunt from nature, table decoration with a no-maintenance plant Requires care",Gift Sets,Quà tặng,https://down-vn.img.susercontent.com/file/vn-11134207-81ztc-moq7opfj6wb365
Lilforest,Thành phố Hà Nội,"Quà tặng tốt nghiệp được làm thủ công từ thiên nhiên LilForest, trang trí để bàn với cây không cần chăm sóc",Handmade Graduation Gift by LilForest Made from Nature for Desk Decoration,579000,"Đặc sản chất lượng - Quà tặng tốt nghiệp được làm thủ công từ thiên nhiên LilForest, trang trí để bàn với cây không cần chăm sóc","Quality Specialty Products - Handmade Graduation Gifts from Nature LilForest, Desk Decoration with No-Care Plant",Gift Sets,Quà tặng,https://down-vn.img.susercontent.com/file/vn-11134207-81ztc-moq7lyugr7r62c
Lilforest,Thành phố Hà Nội,"Set đèn ngủ tự làm từ hoa và rêu khô, dễ làm, thư giãn tạo nên quà tặng thủ công từ thiên nhiên",DIY Night Lamp Set with Dried Flowers and Moss - Relaxing Handmade Natural Gift,429000,"SET ĐÈN NGỦ TỰ LÀM từ hoa và rêu khô, dễ làm, thư giãn tạo nên quà tặng thủ công từ thiên nhiên","DIY NIGHT LIGHT SET from Flowers and Luck, Easy to Make, Relaxing, Handmade Gift from Nature",Gift Sets,Quà tặng,https://down-vn.img.susercontent.com/file/vn-11134207-81ztc-mnrb49zq3sas3e
Casfa Design,Thành phố Hồ Chí Minh,"Sổ Gỗ A6 Handmade - Quà Tặng Lưu Niệm Việt Nam, Casfa Design",Handmade A6 Wooden Notebook - Vietnamese Souvenir Gift by Casfa Design,45820,"Sổ Gỗ A6 Handmade - Quà Tặng Lưu Niệm Việt Nam, Casfa Design","Handmade A6 Wooden Notebook - Vietnamese Souvenir Gift, Casfa Design",Gift Sets,Quà tặng,https://down-vn.img.susercontent.com/file/vn-11134207-81ztc-mlxn1cy43sp0fe
Casfa Design,Thành phố Hồ Chí Minh,Móc Khoá Gỗ Lưu Niệm Aó Dài - Móc Khóa Gỗ Handmade - Quà Tặng Lưu Niệm Việt Nam,Ao Dai Wooden Souvenir Keychain - Handmade Wooden Keychain - Vietnamese Souvenir Gift,24650,Móc Khoá Gỗ Lưu Niệm Aó Dài - Móc Khóa Gỗ Handmade - Quà Tặng Lưu Niệm Việt Nam,Ao Dai Souvenir Wooden Keychain - Handmade Wooden Keychain - Vietnamese Souvenir Gift,Gift Sets,Quà tặng,https://down-vn.img.susercontent.com/file/vn-11134207-7ra0g-macwfgqdwyc806
messagecoffee.store,Thành phố Hồ Chí Minh,"Hộp Quà Tết Cà phê Đặc sản VietNam Amazing Cup, Combo Cafe Specialty, Set Quà tặng Sang trọng Cao Cấp từ Message Coffee",Vietnam Amazing Cup Specialty Coffee Tet Gift Box - Premium Luxury Gift Set by Message Coffee,530000,"Hộp Quà Tết Cà phê Đặc sản VietNam Amazing Cup, Combo Cafe Specialty, Set Quà tặng Sang trọng Cao Cấp từ Message Coffee","Amazing Cup Vietnamese Specialty Coffee Gift Box, Specialty Coffee Combo, Luxury High-End Gift Set from Message Coffee",Gift Sets,Quà tặng,https://down-vn.img.susercontent.com/file/vn-11134207-820l4-mj0spblly9z7a4
Chitt Decor,Thành phố Huế,MÓC TREO BALO IN TÊN BÉ VÀ SÔ BỐ MẸ - Xưởng quà tặng Sango,Custom Backpack Tag with Child's Name and Parents' Phone Number - Sango Gift Workshop,18000,MÓC TREO BALO IN TÊN BÉ VÀ SÔ BỐ MẸ - Xưởng quà tặng Sango,BACKPACK HANGER PRINTED WITH CHILD'S NAME AND PARENT'S NUMBER - Sango Gift,Gift Sets,Quà tặng,https://down-vn.img.susercontent.com/file/sg-11134201-81zvn-mmlq2tdolfye60
HaNa Gift & Decor,Thành phố Hồ Chí Minh,Móc Khoá Lưu Niệm Việt Nam - Móc Khóa Gỗ Handmade - Quà Tặng Lưu Niệm Việt Nam,Vietnam Souvenir Keychain - Handmade Wooden Keychain - Vietnamese Souvenir Gift,19000,Móc Khoá Lưu Niệm Việt Nam - Móc Khóa Gỗ Handmade - Quà Tặng Lưu Niệm Việt Nam,Vietnamese Souvenir Keychain - Handmade Wooden Keychain - Vietnamese Souvenir Gift,Gift Sets,Quà tặng,https://down-vn.img.susercontent.com/file/vn-11134207-820l4-mjwd1qfwsop317
HaNa Gift & Decor,Thành phố Hồ Chí Minh,"Nam Châm Tủ Lạnh, Magnet Handmade, Quà Tặng Lưu Niệm Việt Nam, Hít Tủ Lạnh",Handmade Refrigerator Magnet - Vietnamese Souvenir Gift,25500,"Nam Châm Tủ Lạnh, Magnet Handmade, Quà Tặng Lưu Niệm Việt Nam, Hít Tủ Lạnh","Refrigerator Magnet, Handmade Magnet, Vietnamese Souvenir Gift, Cold Cold",Gift Sets,Quà tặng,https://down-vn.img.susercontent.com/file/vn-11134207-820l4-mj2f4w73udqb62
HaNa Gift & Decor,Thành phố Hồ Chí Minh,Magnet Việt Nam - Nam Châm Tủ Lạnh Handmade 3D - Quà Tặng Lưu Niệm Việt Nam,Vietnam 3D Handmade Refrigerator Magnet - Vietnamese Souvenir Gift,44100,Magnet Việt Nam - Nam Châm Tủ Lạnh Handmade 3D - Quà Tặng Lưu Niệm Việt Nam,Vietnam Magnet - Handmade 3D Refrigerator Magnet - Vietnamese Souvenir Gift,Gift Sets,Quà tặng,https://down-vn.img.susercontent.com/file/vn-11134207-820l4-mjcgsbx8a2o260
HaNa Gift & Decor,Thành phố Hồ Chí Minh,Sổ Gỗ A6 Handmade - Quà Tặng Lưu Niệm Việt Nam,Handmade A6 Wooden Notebook - Vietnamese Souvenir Gift,44100,Sổ Gỗ A6 Handmade - Quà Tặng Lưu Niệm Việt Nam,Handmade A6 Wooden Notebook - Vietnamese Souvenir Gift,Gift Sets,Quà tặng,https://down-vn.img.susercontent.com/file/vn-11134207-820l4-mjl5arlx7vgj58
Cửa hàng đẹp của Wangyu,Overseas,Hộp Toàn Thân Treo Đa Năng,Miniature Mugwort Tube,58454,Tre Tự Nhiên Moxibustion Hộp Toàn Thân Treo Đa Năng Moxibustion Hộp Di Động Moxibustion Hộ Gia Đình Tự Động Đẩy Một Lỗ Porous Moxibustion Box W,"Natural Bamboo Moxibustion Box, Full Body Hanging Multipurpose Moxibustion Box, Portable Moxibustion Box, Household Automatic Push One-Hole Porous Moxibustion Box W",Art,Nghệ thuật,https://down-vn.img.susercontent.com/file/sg-11134201-7ra3a-m4u37kfw38k735
Cửa hàng đẹp của Wangyu,Overseas,Búa ngải cứu,"Makeup Comb, Portable Mirror",55056,Hàng sẵn có Quà lưu niệm tinh tế Búa ngải cứu Quà tặng cho bạn bè Quà tặng cho người cao tuổi Búa sức khỏe Kinh tuyến Búa Massage gõ Quà tặng cao cấp Satin ngải cứu gia đình,"Available Items: Exquisite Souvenirs, Moxibustion Hammer, Gifts for Friends, Gifts for the Elderly, Health Hammer, Meridian Massage Hammer, Tapping Massage Hammer, Premium Gifts, Satin Family Moxibustion",Art,Nghệ thuật,https://down-vn.img.susercontent.com/file/cn-11134207-820l4-mlhu0d6y5kaq15
Cửa hàng đẹp của Wangyu,Overseas,Ống ngải cứu siêu nhỏ,Moxibustion Bottle with Peach Blossom Extract for Facial Beauty,16804,"Đặc sản chất lượng - Ống ngải cứu siêu nhỏ, dụng cụ ngải cứu điện tử, ống treo nhỏ, hộp ngải cứu cầm tay, Hộp dây buộc chuyên dụng","Quality Specialties - Micro Moxibustion Tube, Electronic Moxibustion Tool, Small Hanging Tube, Handheld Moxibustion Box, Specialized String Box",Art,Nghệ thuật,https://down-vn.img.susercontent.com/file/cn-11134207-820l4-mlo9saetbim87e
Cửa hàng đẹp của Wangyu,Overseas,Lược trang điểm Gương mang theo ,"Smart Erasable Gel Ink Ballpoint Pen, Box of 12",134407,Hàng sẵn có Hộp quà Massage Lược trang điểm Gương mang theo Hộp quà lưu niệm Massage Lược gỗ Lược sừng Quà tặng cho phụ nữ Quà tặng cho bạn gái Quà tặng cho mẹ Lược massage gỗ đàn hương Quà tặng sinh nhật Quà tặng ngày lễ Souven,"Available Items: Massage Gift Box, Makeup Comb, Carrying Mirror, Souvenir Gift Box, Massage Wooden Comb, Horn Comb, Gifts for Women, Gifts for Girlfriends, Gifts for Mothers, Sandalwood Massage Comb, Birthday Gifts, Holiday Gifts, Souvenirs",Art,Nghệ thuật,https://down-vn.img.susercontent.com/file/cn-11134207-7ras8-mdfnuuny26isf2
Cửa hàng đẹp của Wangyu,Overseas,Lọ moxibustion hoa đào cho vẻ đẹp da mặt,"10 Sets of Adult Raincoats, Cheap Buttonless Raincoats for Hiking/Travel",37312,"Đặc sản chất lượng - Có sẵn lọ moxibustion hoa đào cho vẻ đẹp da mặt, lọ gốm tím di động, sử dụng tại nhà, lọ rồng lửa cho thẩm mỹ viện","Quality Specialties - Available: Peach Blossom Moxibustion Jar for Facial Beauty, Portable Purple Ceramic Jar for Home Use, Fire Dragon Jar for Beauty Salons",Art,Nghệ thuật,https://down-vn.img.susercontent.com/file/sg-11134201-7rffn-m9qzsqv9m9uk5e
CỬA HÀNG MAI HƯƠNG,Tỉnh Phú Thọ,Bút bi mực gel tẩy xóa được đặc biệt thông minh hộp 12 cây,Cute Patterned 3D Pen Holder,35000,Bút bi mực gel tẩy xóa được đặc biệt thông minh hộp 12 cây,"Smart Erasable Gel Ink Ballpoint Pen, Box of 12",Art,Nghệ thuật,https://down-vn.img.susercontent.com/file/vn-11134207-7ras8-md8i13xjiywv97
CỬA HÀNG MAI HƯƠNG,Tỉnh Phú Thọ,"10 bộ Áo mưa bộ, Áo mưa phượt người lớn loại rẻ không cúc",Set of 20 Magical Erasable Gel Pen Refills,36999,"10 bộ Áo mưa bộ, Áo mưa phượt người lớn loại rẻ không cúc","10 Sets of Raincoats Adult Raincoat (Cheap, Buttonless)",Art,Nghệ thuật,https://down-vn.img.susercontent.com/file/vn-11134207-7r98o-lzt2uvpgwzt9c2
CỬA HÀNG MAI HƯƠNG,Tỉnh Phú Thọ,hộp đựng bút 3D hoạ tiết dễ thương,Pack of 10 Pairs of Adult Men's Socks,24998,hộp đựng bút 3D hoạ tiết dễ thương,Cute 3D Pen Holder,Art,Nghệ thuật,https://down-vn.img.susercontent.com/file/vn-11134207-7ra0g-m7a78tulnl9yac
CỬA HÀNG MAI HƯƠNG,Tỉnh Phú Thọ,Set 20 Ruột Bút Gel Xoá Được Thần Kỳ Tiện Lợi,"Large, Super Soft Japanese Export Bath Towel with Embossed Pattern 140x70cm (Multiple Colors)",35000,Set 20 Ruột Bút Gel Xoá Được Thần Kỳ Tiện Lợi,Set of 20 Magical Erasable Gel Pen Refills,Art,Nghệ thuật,https://down-vn.img.susercontent.com/file/vn-11134207-81ztc-mpdb5qkjbsi5b5
CỬA HÀNG MAI HƯƠNG,Tỉnh Phú Thọ,Lố 10 đôi tất nam người lớn,"Set of 6 Highlighter Pens, Markers, and Ice Cream Sticks",59000,Lố 10 đôi tất nam người lớn,Pack of 10 Pairs of Men's Adult Socks,Art,Nghệ thuật,https://down-vn.img.susercontent.com/file/vn-11134207-7r98o-lzt431ncb4bl09
CỬA HÀNG MAI HƯƠNG,Tỉnh Phú Thọ,Khăn Tắm Xuất Nhật Khổ Lớn Siêu Mềm Mại Họa Tiết In Chìm 140x70cm (Nhiều Màu),Set of 60 Self-Adhesive Notebook Labels,29000,Khăn Tắm Xuất Nhật Khổ Lớn Siêu Mềm Mại Họa Tiết In Chìm 140x70cm (Nhiều Màu),"Large, Super Soft Japanese Export Bath Towel with Embossed Pattern 140x70cm (Multiple Colors)",Art,Nghệ thuật,https://down-vn.img.susercontent.com/file/vn-11134207-7r98o-lzvpwhe9aa3lec
CỬA HÀNG MAI HƯƠNG,Tỉnh Phú Thọ,sét 6 bút nhớ dòng.bút đánh dấu.bút highligher hình que kem,"Box of 48 Smart B13 Pens, 1.0mm Tip, Smooth and Bold Writing",19999,sét 6 bút nhớ dòng.bút đánh dấu.bút highligher hình que kem,Set of 6 Highlighter Pens (Ice Cream Shape),Art,Nghệ thuật,https://down-vn.img.susercontent.com/file/vn-11134207-7qukw-lgglgtj1k83b9d
CỬA HÀNG MAI HƯƠNG,Tỉnh Phú Thọ,Set 60 Cái Nhãn Vở Có Keo Dán Sẵn,Box of 12 A-shaped Pens with Custom Engraving,14400,Set 60 Cái Nhãn Vở Có Keo Dán Sẵn,Set of 60 Self-Adhesive Notebook Labels,Art,Nghệ thuật,https://down-vn.img.susercontent.com/file/6ce77b1e6bd8562bb12e5e93fcfcad9f
CỬA HÀNG MAI HƯƠNG,Tỉnh Phú Thọ,hộp 48 bút smart b13 nét 1.0 viết êm.đậm nét,Vietnamese Wooden Refrigerator Magnets,79000,hộp 48 bút smart b13 nét 1.0 viết êm.đậm nét,"Box of 48 Smart B13 Pens (1.0mm tip, smooth and bold writing)",Art,Nghệ thuật,https://down-vn.img.susercontent.com/file/vn-11134207-7r98o-lzuk4hrhxnbhe7
CỬA HÀNG MAI HƯƠNG,Tỉnh Phú Thọ,hộp 12 bút chữ A khắc tên theo yêu cầu,3D Handmade Vietnamese Food Refrigerator Magnets,119000,hộp 12 bút chữ A khắc tên theo yêu cầu,Box of 12 A-shaped Pens with Custom Engraving,Art,Nghệ thuật,https://down-vn.img.susercontent.com/file/vn-11134207-7ras8-m1nlghl63t5fe5
Hồng Chính Souvenir,Tỉnh Ninh Bình,Nam châm hít tủ lạnh Việt Nam chất liệu gỗ,Handmade 3D Vietnamese Food Souvenir Keychains,19500,Nam châm hít tủ lạnh Việt Nam chất liệu gỗ - Vietnam Wooden Magnets,Vietnamese Wooden Refrigerator Magnets,Art,Nghệ thuật,https://down-vn.img.susercontent.com/file/vn-11134207-7ras8-mcli9aiar6ak61
Hồng Chính Souvenir,Tỉnh Ninh Bình,Nam châm Hít tủ lạnh 3D món ăn Việt Nam hàng thủ công,"Souvenir magnets, refrigerator magnets, Vietnamese conical hat, 5cm size",35000,Nam châm Hít tủ lạnh 3D món ăn Việt Nam hàng thủ công - Vietnam handmade magnets,3D Vietnamese Food Refrigerator Magnets (Handmade),Art,Nghệ thuật,https://down-vn.img.susercontent.com/file/vn-11134207-7ras8-mcu25evf28nw0e
Hồng Chính Souvenir,Tỉnh Ninh Bình,Móc khóa lưu niệm Món ăn Việt Nam 3D nặn tay thủ công,Vietnamese souvenir keychains - Wooden keychains of landmarks,35000,Móc khóa lưu niệm Món ăn Việt Nam 3D nặn tay thủ công - Vietnam Handmade 3D Food Keychains,3D Handmade Vietnamese Food Souvenir Keychains,Art,Nghệ thuật,https://down-vn.img.susercontent.com/file/vn-11134207-7ras8-mcyr4xbdnhwcb9
Hồng Chính Souvenir,Tỉnh Ninh Bình,"Nam châm lưu niệm, hít tủ lạnh Nón Lá Việt Nam loại 5cm","Vietnamese souvenir notebook A6, wooden material",15000,"Nam châm lưu niệm, hít tủ lạnh Nón Lá Việt Nam loại 5cm - Vietnam Non La Magnets",5cm Vietnamese Conical Hat Souvenir Magnets,Art,Nghệ thuật,https://down-vn.img.susercontent.com/file/vn-11134207-7ras8-mcxi8rtj9kqn96
Hồng Chính Souvenir,Tỉnh Ninh Bình,Móc khóa lưu niệm Việt Nam - Móc khóa gỗ Địa Danh,"Refrigerator magnet, Vietnamese girl statue with self-standing legs",16000,Móc khóa lưu niệm Việt Nam - Móc khóa gỗ Địa Danh - Vietnamese Wooden Keychains,Vietnamese Souvenir Keychains (Wooden Keychains) Landmarks - Vietnamese Wooden Keychains,Art,Nghệ thuật,https://down-vn.img.susercontent.com/file/vn-11134207-81ztc-mniprwji6q6a2d
Hồng Chính Souvenir,Tỉnh Ninh Bình,Sổ tay lưu niệm Việt Nam A6 chất liệu Gỗ,Sanny Souvenir: Wooden Keychains,42000,Sổ tay lưu niệm Việt Nam A6 chất liệu Gỗ - Vietnam Wooden A6 Notebooks,Vietnam Wooden A6 Notebooks,Art,Nghệ thuật,https://down-vn.img.susercontent.com/file/vn-11134207-7ras8-mcwys6ijjwvz90
Hồng Chính Souvenir,Tỉnh Ninh Bình,Nam châm hít tủ lạnh tượng cô gái Việt Nam có chân tự đứng,"Vietnamese souvenir luggage tag, PVC material",31500,Nam châm hít tủ lạnh tượng cô gái Việt Nam có chân tự đứng - Vietnamese women magnets,Refrigerator Magnets featuring a Vietnamese woman with legs,Art,Nghệ thuật,https://down-vn.img.susercontent.com/file/vn-11134207-820l4-me79x0s09m2v3f
Sanny Souvenir,Thành phố Hồ Chí Minh,Sanny Souvenir: Wooden Keychains,"Stubby Holder beer/can thermal bag, Vietnamese souvenir gift",25000,Móc khóa gỗ quà tặng lưu niệm Việt Nam Sanny Souvenir,Sanny Souvenir Wooden Keychains as Vietnamese Souvenir Gifts,Art,Nghệ thuật,https://down-vn.img.susercontent.com/file/vn-11134207-7ras8-m5av9be4anvbe3
Sanny Souvenir,Thành phố Hồ Chí Minh,Thẻ treo hành lý quà tặng lưu niệm Việt Nam chất liệu PVC,Saigonir refrigerator magnet with Vietnamese people theme,75000,Thẻ treo hành lý quà tặng lưu niệm Việt Nam chất liệu PVC,PVC Luggage Tags as Vietnamese Souvenir Gifts,Art,Nghệ thuật,https://down-vn.img.susercontent.com/file/vn-11134207-7ras8-mb10x91qzg0n81
Sanny Souvenir,Thành phố Hồ Chí Minh,"Bao giữ nhiệt bia, lon nước Stubby Holder quà tặng lưu niệm Việt Nam",Vietnam Souvenir Gift Postcard,55000,"Bao giữ nhiệt bia, lon nước Stubby Holder quà tặng lưu niệm Việt Nam",Stubby Holder Insulated Beer/Can Pouches as Vietnamese Souvenir Gifts,Art,Nghệ thuật,https://down-vn.img.susercontent.com/file/vn-11134207-7ras8-m5bot9dhzf083d
Sanny Souvenir,Thành phố Hồ Chí Minh,Nam châm tủ lạnh chủ đề con người Việt Nam Saigonir,"Lucky Omamori Bag – Attracts Wealth, Love, Carry it with you every day",48000,Nam châm tủ lạnh chủ đề con người Việt Nam Saigonir,Saigonir Refrigerator Magnets with Vietnamese People Themes,Art,Nghệ thuật,https://down-vn.img.susercontent.com/file/vn-11134207-7ras8-m5dnprrdj3vb9c
Sanny Souvenir,Thành phố Hồ Chí Minh,Vietnam Souvenir Gift Postcard,"Cute Message Keychain – Double-sided printed message, decorate backpack, gift for friends and lovers",18000,Postcard giấy quà tặng lưu niệm Việt Nam,Paper Postcards as Vietnamese Souvenir Gifts,Art,Nghệ thuật,https://down-vn.img.susercontent.com/file/vn-11134207-7ras8-m589tqqevvur4b
TuMi Scent Lab,Thành phố Hồ Chí Minh,"Túi Phước Omamori May Mắn – Thu Hút Tài Lộc, Tình Yêu, Mang Theo Bên Người Hàng Ngày","Chocolate Card with Message Keychain – Gift for lovers, create a surprise, use for special occasions",40000,"Túi Phước Omamori May Mắn – Thu Hút Tài Lộc, Tình Yêu, Mang Theo Bên Người Hàng Ngày","Lucky Omamori Charm Bags – Attract Wealth, Love, Carry Every Day",Art,Nghệ thuật,https://down-vn.img.susercontent.com/file/vn-11134207-81ztc-mm8srv8wmltu74
TuMi Scent Lab,Thành phố Hồ Chí Minh,"Móc Khóa Thông Điệp Dễ Thương – In Hai Mặt Lời Nhắn, Trang Trí Balo, Quà Tặng Bạn Bè Người Yêu","Feng Shui Quartz Crystal Jar – Attracts positive energy, supports love, decorates work desk",12800,"Móc Khóa Thông Điệp Dễ Thương – In Hai Mặt Lời Nhắn, Trang Trí Balo, Quà Tặng Bạn Bè Người Yêu","Cute Message Keychains – Double-Sided Messages, Backpack Decoration, Gifts for Friends and Lovers",Art,Nghệ thuật,https://down-vn.img.susercontent.com/file/vn-11134207-820l4-mj9piynr6l8id4
TuMi Scent Lab,Thành phố Hồ Chí Minh,"Card Socola Kèm Móc Khóa Thông Điệp – Quà Tặng Người Yêu, Tạo Bất Ngờ, Dùng Dịp Đặc Biệt","Scented Candle Gift Box Daisy Flower Wax, Super Cute Candle Holder, Gift for Friends, Lovers, Colleagues",15000,"Card Socola Kèm Móc Khóa Thông Điệp – Quà Tặng Người Yêu, Tạo Bất Ngờ, Dùng Dịp Đặc Biệt","Chocolate Cards with Message Keychains – Gifts for Lovers, Surprises, Special Occasions",Art,Nghệ thuật,https://down-vn.img.susercontent.com/file/vn-11134207-820l4-mjpdagtgqhogb6
TuMi Scent Lab,Thành phố Hồ Chí Minh,"Lọ Đá Thạch Anh Phong Thủy – Thu Hút Năng Lượng Tích Cực, Hỗ Trợ Tình Duyên, Trang Trí Bàn Làm Việc","Cute Message Keychain with Charm, Meaningful Message for Friends, Lovers",35000,"Lọ Đá Thạch Anh Phong Thủy – Thu Hút Năng Lượng Tích Cực, Hỗ Trợ Tình Duyên, Trang Trí Bàn Làm Việc","Feng Shui Quartz Crystal Jars – Attract Positive Energy, Support Love, Desk Decoration",Art,Nghệ thuật,https://down-vn.img.susercontent.com/file/vn-11134207-81ztc-mp3dhbo20nb4a9
TuMi Scent Lab,Thành phố Hồ Chí Minh,"Hộp Quà Tặng Nến Thơm Kèm Sáp Hoa Cúc, Cốc Nến Siêu Đáng Yêu, Tặng Bạn Bè, Người Yêu, Đồng Nghiệp","Healing Message Jar – Send Meaningful Wishes, Create Positive Emotions, Birthday Gift",75000,"Hộp Quà Tặng Nến Thơm Kèm Sáp Hoa Cúc, Cốc Nến Siêu Đáng Yêu, Tặng Bạn Bè, Người Yêu, Đồng Nghiệp","Gift Boxes with Scented Candles and Chamomile Wax, Cups Super Cute Candles, Gifts for Friends, Lovers, Colleagues",Art,Nghệ thuật,https://down-vn.img.susercontent.com/file/vn-11134207-7ra0g-m9jqdxp6grpg38
TuMi Scent Lab,Thành phố Hồ Chí Minh,"Móc Khóa Thông Điệp Kèm Charm Dễ Thương, Thông Điệp Ý Nghĩa Tặng Bạn Bè, Người Yêu",Classical Heart Music Box,25000,"Móc Khóa Thông Điệp Kèm Charm Dễ Thương, Thông Điệp Ý Nghĩa Tặng Bạn Bè, Người Yêu","Cute Message Keychain with Charm, Meaningful Messages for Friends and Lovers",Art,Nghệ thuật,https://down-vn.img.susercontent.com/file/vn-11134207-81ztc-moyyup6cyhaa09
TuMi Scent Lab,Thành phố Hồ Chí Minh,"Lọ Thông Điệp Chữa Lành – Gửi Lời Chúc Ý Nghĩa, Tạo Cảm Xúc Tích Cực, Quà Tặng Sinh Nhật",High-Quality Wind-Up Music Player,53200,"Lọ Thông Điệp Chữa Lành – Gửi Lời Chúc Ý Nghĩa, Tạo Cảm Xúc Tích Cực, Quà Tặng Sinh Nhật","Healing Message Jar – Send Meaningful Wishes, Create Positive Emotions, Birthday Gifts",Art,Nghệ thuật,https://down-vn.img.susercontent.com/file/vn-11134207-81ztc-mlaged9gi3uw2e
Vật Kỷ Niệm,Thành phố Hồ Chí Minh,Hộp Nhạc Cổ Điển Trái Tim,Changeable Music Box,425000,Hộp Nhạc Cổ Điển Trái Tim | Máy Nhạc Dây Cót | Hộp Gỗ HNDCGO011 | Vật Kỷ Niệm,Classical Heart Music Box | Wind-Up Music Player | Wooden Box HNDCGO011 | Souvenir,Art,Nghệ thuật,https://down-vn.img.susercontent.com/file/vn-11134207-7qukw-lhm8u0sh2mypbd
Vật Kỷ Niệm,Thành phố Hồ Chí Minh,Máy Nhạc Dây Cót Loại Tốt,Transparent Music Box,100000,Máy Nhạc Dây Cót Loại Tốt | Hộp Nhạc MANHAC003 | Quà Lưu Niệm | Vật Kỷ Niệm,High-Quality Wind-Up Music Player | Music Box MANHAC003 | Souvenir | Souvenir,Art,Nghệ thuật,https://down-vn.img.susercontent.com/file/vn-11134207-7qukw-lhm8u0sg24756e
Vật Kỷ Niệm,Thành phố Hồ Chí Minh,Hộp Nhạc Thay Hình,Classical Music Box,250000,Hộp Nhạc Thay Hình | Máy Nhạc Dây Cót | Hộp Gỗ HNDCGO005 | Quà Lưu Niệm | Vật Kỷ Niệm,Changeable Music Box | Wind-Up Music Player | Wooden Box HNDCGO005 | Souvenir | Souvenir,Art,Nghệ thuật,https://down-vn.img.susercontent.com/file/vn-11134207-7qukw-lhm8u0sgkdj95b
Vật Kỷ Niệm,Thành phố Hồ Chí Minh,Hộp Nhạc Trong Suốt,Transparent Music Box,165000,Hộp Nhạc Trong Suốt | Máy Nhạc Dây Cót | Hộp Nhựa Acrylic HNDCGO003 | Quà Lưu Niệm | Vật Kỷ Niệm,Transparent Music Box | Wind-Up Music Player | Acrylic Plastic Box HNDCGO003 | Souvenir | Souvenir,Art,Nghệ thuật,https://down-vn.img.susercontent.com/file/vn-11134207-7qukw-lhm8u0sghkedfa
Vật Kỷ Niệm,Thành phố Hồ Chí Minh,Hộp Nhạc Cổ Điển,High-Quality Wind-Up Music Player,395000,Hộp Nhạc Cổ Điển | Máy Nhạc Dây Cót | Hộp Gỗ HNDCGO008 | Quà Lưu Niệm | Vật Kỷ Niệm,Classical Music Box | Wind-Up Music Player | Wooden Box HNDCGO008 | Souvenir | Souvenir,Art,Nghệ thuật,https://down-vn.img.susercontent.com/file/vn-11134207-7qukw-lhm8u0sgajk54c
Vật Kỷ Niệm,Thành phố Hồ Chí Minh,Hộp Nhạc Trong Suốt,Piano Music Box,215000,Hộp Nhạc Trong Suốt | Máy Nhạc Dây Cót | Hộp Nhựa Acrylic HNDCAC005 | Quà Lưu Niệm | Vật Kỷ Niệm,Transparent Music Box | Wind-Up Music Player | Acrylic Plastic Box HNDCAC005 | Souvenir | Souvenir,Art,Nghệ thuật,https://down-vn.img.susercontent.com/file/vn-11134207-7qukw-lhm8u0sgssxxf0
Vật Kỷ Niệm,Thành phố Hồ Chí Minh,Máy Nhạc Dây Cót Loại Tốt,Wooden Holy Trinity Picture - Russian Icon / Icon of the Holy Trinity by Andrei Rublev,60000,Máy Nhạc Dây Cót Loại Tốt | Hộp Nhạc MANHAC002 | Quà Lưu Niệm | Vật Kỷ Niệm,High-Quality Wind-Up Music Box | MANHAC002 Music Box | Souvenir | Commemorative Item,Art,Nghệ thuật,https://down-vn.img.susercontent.com/file/vn-11134207-7qukw-lhm8u0sg6bwh7e
Vật Kỷ Niệm,Thành phố Hồ Chí Minh,Hộp Nhạc Piano,Wooden Catholic Picture - Mother Teresa of Calcutta Picture with Inspirational Quote,195000,Hộp Nhạc Piano | Máy Dây Cót | Hộp Nhựa Resin HNDCDD001 | Vật Kỷ Niệm,Piano Music Box | Wind-Up Music Box | Resin Box HNDCDD001 | Souvenirs,Art,Nghệ thuật,https://down-vn.img.susercontent.com/file/vn-11134207-7qukw-lhm854j7ns7929
Tranh Icon Công Giáo,Thành phố Hồ Chí Minh,Tranh Gỗ Chúa Ba Ngôi - Icon Nga Bằng Gỗ / Icon of the Holy Trinity by Andrei Rublev,Good Shepherd Picture - Catholic Icon Picture - Icon of the Christ the Good Shepherd,250000,Tranh Gỗ Chúa Ba Ngôi - Icon Nga Bằng Gỗ / Icon of the Holy Trinity by Andrei Rublev,Wooden Holy Trinity Painting - Russian Icon / Icon of the Holy Trinity by Andrei Rublev,Art,Nghệ thuật,https://down-vn.img.susercontent.com/file/vn-11134207-7qukw-lk1qe20b4v7m3c
Tranh Icon Công Giáo,Thành phố Hồ Chí Minh,Tranh Công Giáo Bằng Gỗ - Tranh Mẹ Teresa Calcutta Kèm Câu Quote Hay,Mother Teresa of Calcutta Picture - Catholic Wooden Picture for Patron Saint's Day Gift,250000,Tranh Công Giáo Bằng Gỗ - Tranh Mẹ Teresa Calcutta Kèm Câu Quote Hay,Wooden Catholic Painting - Mother Teresa of Calcutta Painting with Inspirational Quote,Art,Nghệ thuật,https://down-vn.img.susercontent.com/file/vn-11134207-7r98o-lzr2xldku91pdd
Tranh Icon Công Giáo,Thành phố Hồ Chí Minh,Tranh Chúa Chiên Lành - Tranh Gỗ Icon Công Giáo - Icon of the Christ the Good Shepherd,Holy Family Picture - Catholic Wooden Picture for Table or Wall Hanging with Accessories,250000,Tranh Chúa Chiên Lành - Tranh Gỗ Icon Công Giáo - Icon of the Christ the Good Shepherd,Good Shepherd Painting - Catholic Icon Painting - Icon of the Christ the Good Shepherd,Art,Nghệ thuật,https://down-vn.img.susercontent.com/file/vn-11134207-7ras8-m1v12fik69j3f0
Tranh Icon Công Giáo,Thành phố Hồ Chí Minh,Tranh Mẹ Teresa Calcutta - Tranh Gỗ Công Giáo Tặng Dịp Bổn Mạng,Our Lady of Perpetual Help Icon Picture Natural Wood Carvings,300000,Tranh Mẹ Teresa Calcutta - Tranh Gỗ Công Giáo Tặng Dịp Bổn Mạng,Mother Teresa of Calcutta Painting - Catholic Wooden Painting for Patron Saint's Day Gift,Art,Nghệ thuật,https://down-vn.img.susercontent.com/file/vn-11134207-7qukw-lfkpf088tmrob0
Tranh Icon Công Giáo,Thành phố Hồ Chí Minh,Tranh Gia Đình Thánh Gia - Tranh Gỗ Công Giáo Để Bàn Hoặc Treo Tường Kèm Phụ Kiện,Catholic Paintings: Painting of the Assumption of the Virgin Mary - Non-Fading Wooden Painting,250000,Tranh Gia Đình Thánh Gia - Tranh Gỗ Công Giáo Để Bàn Hoặc Treo Tường Kèm Phụ Kiện,Holy Family Painting - Catholic Wooden Painting for Table or Wall Hanging with Accessories,Art,Nghệ thuật,https://down-vn.img.susercontent.com/file/vn-11134207-7ras8-m1scqwt4so8v8e
Tranh Icon Công Giáo,Thành phố Hồ Chí Minh,Biểu Tượng Đức Mẹ Hằng Cứu Giúp - Tranh Icon Công Giáo Gỗ Tự Nhiên,Portrait of Jesus - Directly Printed on Wood - Prince of Peace by Akiane,250000,Biểu Tượng Đức Mẹ Hằng Cứu Giúp - Tranh Icon Công Giáo Gỗ Tự Nhiên,Our Lady of Perpetual Help Icon - Natural Wood Catholic Icon Painting,Art,Nghệ thuật,https://down-vn.img.susercontent.com/file/vn-11134207-7ra0g-m6hvcy1ynpt325
Tranh Icon Công Giáo,Thành phố Hồ Chí Minh,Tranh Công Giáo : Tranh Đức Mẹ Hồn Xác Lên Trời - Tranh Gỗ Không Phai Màu,Large Painting of the Virgin Mary Praying 50x65cm - Beati Catholic Wall Hanging Painting,250000,Tranh Công Giáo : Tranh Đức Mẹ Hồn Xác Lên Trời - Tranh Gỗ Không Phai Màu,Catholic Painting: Assumption of the Virgin Mary - Non-Fading Wooden Painting,Art,Nghệ thuật,https://down-vn.img.susercontent.com/file/vn-11134207-7qukw-lfkpf088gzno8b
Tranh Icon Công Giáo,Thành phố Hồ Chí Minh,Tranh Chân Dung Chúa Giêsu - Tranh In Trực Tiếp Trên Gỗ - Prince Of Peace by Akiane,"Smooth-running rickshaw, vintage rickshaw model",250000,Tranh Chân Dung Chúa Giêsu - Tranh In Trực Tiếp Trên Gỗ - Prince Of Peace by Akiane,Portrait of Jesus - Directly Printed on Wood - Prince of Peace by Akiane,Art,Nghệ thuật,https://down-vn.img.susercontent.com/file/vn-11134207-7ras8-m1ter6k81g7na2
Tranh Icon Công Giáo,Thành phố Hồ Chí Minh,Tranh Đức Mẹ Cầu Nguyện Kích Thước Lớn 50x65cm - Tranh Treo Tường Công Giáo Beati,"Large-Size Painting of the Praying Virgin Mary, 50x65cm - Beati Catholic Wall Art",2300000,Tranh Đức Mẹ Cầu Nguyện Kích Thước Lớn 50x65cm - Tranh Treo Tường Công Giáo Beati,Large 50x65cm Painting of Our Lady of Prayer - Catholic Wall Hanging Painting by Beati,Art,Nghệ thuật,https://down-vn.img.susercontent.com/file/vn-11134207-7qukw-lf1deyhzpydzcc
Mai anh store 190,Thành phố Hà Nội,"Xích lô có bánh chạy êm, mô hình xe xích lô cổ","A rickshaw with smooth-rolling wheels, a vintage rickshaw model",225000,"Xích lô có bánh chạy êm, mô hình xe xích lô cổ","Smooth-running rickshaw, vintage rickshaw model",Art,Nghệ thuật,https://down-vn.img.susercontent.com/file/bc6839e98503d46928e158ed93da2629
HueFood,"20 đường Chi Lăng, Phú Cát, TP. Huế, tỉnh Thừa Thiên - Huế.",Trà cung đình Huế túi lọc G8,Hue Royal Court Tea Bags G8,45000,Trà cung đình Huế túi lọc G8.,Hue Royal Court Tea in G8 filter bags.,Local Food,Ẩm thực,https://images.unsplash.com/photo-1563822249548-9a72b6353cd1?auto=format&fit=crop&w=500&q=80
Đặc sản Thanh Phương,"229 Bạch Đằng, P3, Q Gò Vấp",Long Nhãn Ôm Sen,Longan with Lotus Seeds,120000,"Đặc sản ẩm thực địa phương thơm ngon, chính gốc chất lượng cao từ Đặc sản Thanh Phương: Long Nhãn Ôm Sen.","Delicious, authentic, high-quality local specialties from Thanh Phuong Specialties: Longan Embracing Lotus.",Local Food,Ẩm thực,https://dacsanthanhphuong.vn/wp-content/uploads/2023/12/long-nhan-om-sen-5.jpg
Đặc sản Thanh Phương,"229 Bạch Đằng, P3, Q Gò Vấp",Sấu Giòn Tiến Thịnh,Tien Thinh Crispy Sour Plum,79000,"Đặc sản ẩm thực địa phương thơm ngon, chính gốc chất lượng cao từ Đặc sản Thanh Phương: Sấu Giòn Tiến Thịnh.","Delicious, authentic, high-quality local specialties from Thanh Phuong Specialties: Tien Thinh Crispy Sour Plum.",Local Food,Ẩm thực,https://dacsanthanhphuong.vn/wp-content/uploads/2022/05/sau-gion-tien-thinh-4-e1690429675796.jpg
Đặc sản Thanh Phương,"229 Bạch Đằng, P3, Q Gò Vấp",Sấu bao tử Tiến Thịnh,Tien Thinh Baby Sour Plum,79000,"Đặc sản ẩm thực địa phương thơm ngon, chính gốc chất lượng cao từ Đặc sản Thanh Phương: Sấu bao tử Tiến Thịnh.","Delicious, authentic, high-quality local specialties from Thanh Phuong Specialties: Tien Thinh Baby Sour Plum.",Local Food,Ẩm thực,https://dacsanthanhphuong.vn/wp-content/uploads/2020/12/sau-bao-tu-tien-thinh-4-e1666107499645.jpg
Đặc sản Thanh Phương,"229 Bạch Đằng, P3, Q Gò Vấp",Sấu Xào Gừng Tiến Thịnh,Tien Thinh Stir-fried Sour Plum with Ginger,79000,"Đặc sản ẩm thực địa phương thơm ngon, chính gốc chất lượng cao từ Đặc sản Thanh Phương: Sấu Xào Gừng Tiến Thịnh.","Delicious, authentic, high-quality local specialties from Thanh Phuong Specialties: Tien Thinh Stir-fried Sour Plum with Ginger.",Local Food,Ẩm thực,https://dacsanthanhphuong.vn/wp-content/uploads/2022/08/sau-xao-gung-tien-thinh-8-e1666150685280.jpg
Đặc sản Thanh Phương,"229 Bạch Đằng, P3, Q Gò Vấp",Mơ cay Tiến Thịnh,Tien Thinh Spicy Apricot,79000,"Đặc sản ẩm thực địa phương thơm ngon, chính gốc chất lượng cao từ Đặc sản Thanh Phương: Mơ cay Tiến Thịnh.","Delicious, authentic, high-quality local specialties from Thanh Phuong Specialties: Tien Thinh Spicy Apricot.",Local Food,Ẩm thực,https://dacsanthanhphuong.vn/wp-content/uploads/2022/06/mo-cay-tien-thinh-6-e1666150790997.jpg
Đặc sản Thanh Phương,"229 Bạch Đằng, P3, Q Gò Vấp",Nước Sấu Ngâm Đường,Sour Plum Syrup,105000,"Đặc sản ẩm thực địa phương thơm ngon, chính gốc chất lượng cao từ Đặc sản Thanh Phương: Nước Sấu Ngâm Đường.","Delicious, authentic, high-quality local specialties from Thanh Phuong Specialties: Sour Plum in Sugar Syrup.",Local Food,Ẩm thực,https://dacsanthanhphuong.vn/wp-content/uploads/2018/11/sau-ngam-duong-19.jpg
Đặc sản Thanh Phương,"229 Bạch Đằng, P3, Q Gò Vấp",Nước Mơ Ngâm Đường,Apricot Syrup,100000,"Đặc sản ẩm thực địa phương thơm ngon, chính gốc chất lượng cao từ Đặc sản Thanh Phương: Nước Mơ Ngâm Đường.","Delicious, authentic, high-quality local specialties from Thanh Phuong Specialties: Apricot in Sugar Syrup.",Local Food,Ẩm thực,https://dacsanthanhphuong.vn/wp-content/uploads/2018/11/mo-ngam-duong-17.jpg
Đặc sản Thanh Phương,"229 Bạch Đằng, P3, Q Gò Vấp",Quất Dẻo Tiến Thịnh,Tien Thinh Soft Kumquats,79000,"Đặc sản ẩm thực địa phương thơm ngon, chính gốc chất lượng cao từ Đặc sản Thanh Phương: Quất Dẻo Tiến Thịnh.","Delicious, authentic, high-quality local specialties from Thanh Phuong Specialties: Tien Thinh Chewy Kumquat.",Local Food,Ẩm thực,https://dacsanthanhphuong.vn/wp-content/uploads/2023/09/mut-quat-deo-2.jpg
Đặc sản Thanh Phương,"229 Bạch Đằng, P3, Q Gò Vấp",Mơ dẻo Tiến Thịnh,Tien Thinh Soft Apricots,79000,"Đặc sản ẩm thực địa phương thơm ngon, chính gốc chất lượng cao từ Đặc sản Thanh Phương: Mơ dẻo Tiến Thịnh.","Delicious, authentic, high-quality local specialties from Thanh Phuong Specialties: Tien Thinh Soft Dried Apricots.",Local Food,Ẩm thực,https://dacsanthanhphuong.vn/wp-content/uploads/2021/12/mo-deo-tien-thinh-1.jpg
Đặc sản Thanh Phương,"229 Bạch Đằng, P3, Q Gò Vấp",Mận cơm xào gừng Tiến Thịnh,Tien Thinh Stir-fried Plum with Ginger,79000,"Đặc sản ẩm thực địa phương thơm ngon, chính gốc chất lượng cao từ Đặc sản Thanh Phương: Mận cơm xào gừng Tiến Thịnh.","Delicious, authentic, high-quality local specialties from Thanh Phuong Specialties: Tien Thinh Stir-fried Plum with Ginger.",Local Food,Ẩm thực,https://dacsanthanhphuong.vn/wp-content/uploads/2023/06/man-com-xao-1.jpg
Đặc sản Thanh Phương,"229 Bạch Đằng, P3, Q Gò Vấp",Bột sắn dây nguyên chất Thành Nhàn,Thanh Nhan Pure Cassava Starch,125000,"Đặc sản ẩm thực địa phương thơm ngon, chính gốc chất lượng cao từ Đặc sản Thanh Phương: Bột sắn dây nguyên chất Thành Nhàn.","Delicious, authentic, high-quality local specialties from Thanh Phuong Specialties: Thanh Nhan Pure Cassava Starch.",Local Food,Ẩm thực,https://dacsanthanhphuong.vn/wp-content/uploads/2026/06/bot-san-day-thanh-nhan-7.png
Đặc sản Thanh Phương,"229 Bạch Đằng, P3, Q Gò Vấp",Bánh Cốm Hà Nội,Hanoi Sticky Rice Cakes,9500,"Đặc sản ẩm thực địa phương thơm ngon, chính gốc chất lượng cao từ Đặc sản Thanh Phương: Bánh Cốm Hà Nội.","Delicious, authentic, high-quality local specialties from Thanh Phuong Specialties: Hanoi Sticky Rice Cake.",Local Food,Ẩm thực,https://dacsanthanhphuong.vn/wp-content/uploads/2014/11/banh-com-4-1.jpg
Đặc sản Thanh Phương,"229 Bạch Đằng, P3, Q Gò Vấp",Bánh Đậu Xanh Minh Ngọc Hộp Lớn,Minh Ngoc Green Bean Cakes (Large Box),70000,"Đặc sản ẩm thực địa phương thơm ngon, chính gốc chất lượng cao từ Đặc sản Thanh Phương: Bánh Đậu Xanh Minh Ngọc Hộp Lớn.","Delicious, authentic, high-quality local specialties from Thanh Phuong Specialties: Minh Ngoc Green Bean Cake (Large Box).",Local Food,Ẩm thực,https://dacsanthanhphuong.vn/wp-content/uploads/2014/11/banh-dau-xanh-A11.jpg
Đặc sản Thanh Phương,"229 Bạch Đằng, P3, Q Gò Vấp",Bánh Đậu Xanh Minh Ngọc Hộp Vừa,Minh Ngoc Green Bean Cakes (Medium Box),50000,"Đặc sản ẩm thực địa phương thơm ngon, chính gốc chất lượng cao từ Đặc sản Thanh Phương: Bánh Đậu Xanh Minh Ngọc Hộp Vừa.","Delicious, authentic, high-quality local specialties from Thanh Phuong Specialties: Minh Ngoc Green Bean Cake (Medium Box).",Local Food,Ẩm thực,https://dacsanthanhphuong.vn/wp-content/uploads/2014/11/banh-dau-xanh-A12.jpg
Đặc sản Thanh Phương,"229 Bạch Đằng, P3, Q Gò Vấp",Bánh Cáy Làng Nguyễn,Nguyen Village Rice Cakes,50000,"Đặc sản ẩm thực địa phương thơm ngon, chính gốc chất lượng cao từ Đặc sản Thanh Phương: Bánh Cáy Làng Nguyễn.","Delicious, authentic, high-quality local specialties from Thanh Phuong Specialties: Nguyen Village Rice Cake.",Local Food,Ẩm thực,https://dacsanthanhphuong.vn/wp-content/uploads/2014/11/banh-cay-1-2.jpg
HANIGO,"63 Nguyễn Văn Thoại, phường An Hải, thành phố Đà Nẵng",Mực Khô Câu Tay – Size VIP,Hand-Caught Dried Squid – VIP Size,229000,"Đặc sản ẩm thực địa phương thơm ngon, chính gốc chất lượng cao từ HANIGO: Mực Khô Câu Tay – Size VIP","Delicious, authentic, high-quality local specialties from HANIGO: Hand-Caught Dried Squid – VIP Size",Local Food,Ẩm thực,https://ngon.hanigo.com/wp-content/uploads/2026/03/muc-cau-deo-3-nang-size-vip-600x600.png
HANIGO,"63 Nguyễn Văn Thoại, phường An Hải, thành phố Đà Nẵng",Mực Câu Câu Tay – Size Đại,Hand-Caught Squid – Extra Large Size,219000,"Đặc sản ẩm thực địa phương thơm ngon, chính gốc chất lượng cao từ HANIGO: Mực Câu Câu Tay – Size Đại","Delicious, authentic, high-quality local specialties from HANIGO: Hand-Caught Dried Squid – Large Size",Local Food,Ẩm thực,https://ngon.hanigo.com/wp-content/uploads/2026/03/muc-cau-kho-3-nang-size-dai-600x600.png
HANIGO,"63 Nguyễn Văn Thoại, phường An Hải, thành phố Đà Nẵng",Mực Xé Lá Chanh Ăn Liền – Hũ 140g,Ready-to-Eat Shredded Squid with Lemon Leaves – 140g Jar,105000,"Đặc sản ẩm thực địa phương thơm ngon, chính gốc chất lượng cao từ HANIGO: Hết hàngMực Xé Lá Chanh Ăn Liền – Hũ 140g","Delicious, authentic, high-quality local specialties from HANIGO: Out of Stock - Ready-to-Eat Shredded Squid with Lemon Leaves – 140g Jar",Local Food,Ẩm thực,https://ngon.hanigo.com/wp-content/uploads/2026/03/muc-xe-la-chanh-1.jpg
Vigift - Đặc Sản Quà Đà Nẵng,Thành phố Đà Nẵng,Trà Sâm Dứa,Pineapple Ginseng Tea,72000,Đặc sản chất lượng - Trà Sâm Dứa Vigift  Đặc Sản Đà Nẵng Làm Quà_Thanh Mát Vị Dứa,High-quality specialty - Vigift Pineapple Ginseng Tea - Da Nang Specialty Gift - Refreshing Pineapple Flavor,Local Food,Ẩm thực,https://down-vn.img.susercontent.com/file/vn-11134207-7ra0g-m8n8r4u1v4w74a
Vigift - Đặc Sản Quà Đà Nẵng,Thành phố Đà Nẵng,Mực Xé Sợi Ăn Liền,Ready-to-Eat Shredded Squid,98000,Đặc sản chất lượng - Mực Xé Sợi Ăn Liền Vigift Đặc Sản Đà Nẵng Làm Quà_Vị Ngọt Nguyên Bản,High-quality specialty - Vigift Ready-to-Eat Shredded Squid - Da Nang Specialty Gift - Original Sweet Flavor,Local Food,Ẩm thực,https://down-vn.img.susercontent.com/file/vn-11134207-7ra0g-m8n8mcec8tacc3
Vigift - Đặc Sản Quà Đà Nẵng,Thành phố Đà Nẵng,Bánh Dừa Nướng,Grilled Coconut Cakes,30000,Đặc sản chất lượng - Bánh Dừa Nướng Đặc Sản Miền Trung Đồ Ăn Vặt Giòn Thơm Cực Ngon,High-quality specialty - Central Vietnam Specialty Baked Coconut Cake - Crispy and Delicious Snack,Local Food,Ẩm thực,https://down-vn.img.susercontent.com/file/vn-11134207-7ra0g-m8oherskvds2ff
Vigift - Đặc Sản Quà Đà Nẵng,Thành phố Đà Nẵng,Mực Cán Cay,Spicy Rolled Squid,81000,Đặc sản chất lượng - Mực Cán Cay Vigift Đặc Sản Đà Nẵng Làm Quà_Ngọt Mềm Từng Thớ Thịt,High-quality specialty - Vigift Spicy Rolled Squid - Da Nang Specialty Gift - Sweet and Tender Meat,Local Food,Ẩm thực,https://down-vn.img.susercontent.com/file/vn-11134207-7ra0g-m8n4fysed75z3a
Vigift - Đặc Sản Quà Đà Nẵng,Thành phố Đà Nẵng,Cá Bò Da Cán,Sliced ​​Leatherjacket Fish,79000,Đặc sản chất lượng - Cá Bò Da Cán Vigift Đặc Sản Đà Nẵng Làm Quà_Ngọt Mềm Nguyên Vị,High-quality specialty - Vigift Rolled Leatherjacket Fish - Da Nang Specialty Gift - Sweet and Tender Original Flavor,Local Food,Ẩm thực,https://down-vn.img.susercontent.com/file/vn-11134207-7ra0g-m8lq1peelo4u84
Vigift - Đặc Sản Quà Đà Nẵng,Thành phố Đà Nẵng,Bánh Khô Mè Gạo Lứt 250g,250g Brown Rice Sesame Crackers,97000,Đặc sản chất lượng - Bánh Khô Mè Gạo Lứt 250g - Đặc Sản Đà Nẵng Đồ Ăn Vặt Giòn Xốp Thơm Vị Mè,High-quality specialty - Brown Rice Sesame Cracker 250g - Da Nang Specialty Da Nang Snacks - Crispy and Fragrant Sesame Flavor,Local Food,Ẩm thực,https://down-vn.img.susercontent.com/file/vn-11134207-7ra0g-m8ohc3pfhf7of9
Vigift - Đặc Sản Quà Đà Nẵng,Thành phố Đà Nẵng,Trà Hoa Lài,Jasmine Tea,72000,Đặc sản chất lượng - Trà Hoa Lài Vigift Đặc Sản Đà Nẵng Làm Quà_Thanh Mát Hương Lài,Quality Specialty - Vigift Jasmine Tea - Da Nang Specialty Gift - Refreshing Jasmine Flavor,Local Food,Ẩm thực,https://down-vn.img.susercontent.com/file/vn-11134207-7ra0g-m8n8qp052kxu28
Vigift - Đặc Sản Quà Đà Nẵng,Thành phố Đà Nẵng,Hạt Macca Sấy,Dried Macadamia Nuts,206000,Đặc sản chất lượng - Hạt Macca Sấy Vigift  Đặc Sản Đà Nẵng Làm Quà - Thơm Ngon Béo Ngậy,Quality Specialty - Vigift Dried Macadamia Nuts - Da Nang Specialty Gift - Delicious and Rich Flavor,Local Food,Ẩm thực,https://down-vn.img.susercontent.com/file/vn-11134207-7ra0g-m8lovh719yem69
Vigift - Đặc Sản Quà Đà Nẵng,Thành phố Đà Nẵng,Cá Chỉ Vàng Khô Nướng,Grilled Dried Yellowfin Tuna,250000,Đặc sản chất lượng - Cá Chỉ Vàng Khô Nướng Vigift 500g  Đặc Sản Đà Nẵng Làm Quà - Ngọt Thịt Dai Dai,Quality Specialty - Vigift Grilled Dried Yellowfin Tuna 500g - Da Nang Specialty Gift - Sweet and Chewy Meat,Local Food,Ẩm thực,https://down-vn.img.susercontent.com/file/vn-11134207-7ra0g-m8og5ojsajyad9
Vigift - Đặc Sản Quà Đà Nẵng,Thành phố Đà Nẵng,Mực Xé Giòn Ăn Liền,Crispy Shredded Squid Ready-to-Eat Shredded Squid,66000,Đặc sản chất lượng - Mực Xé Giòn Ăn Liền Vigift Đặc Sản Đà Nẵng Làm Quà_Giòn Tan Ngọt Mực,Quality Specialty - Vigift Crispy Shredded Squid - Da Nang Specialty Gift - Crispy and Sweet Squid,Local Food,Ẩm thực,https://down-vn.img.susercontent.com/file/vn-11134207-7ra0g-m8n8k8zclvnm32
TINH NGUYÊN,Tỉnh Tây Ninh,Xốt Me Cay DellyCook (300g),DellyCook Spicy Tamarind Sauce (300g),32830,Đặc sản chất lượng - Xốt Me Cay DellyCook (300g),Quality Specialty - DellyCook Spicy Tamarind Sauce (300g),Local Food,Ẩm thực,https://down-vn.img.susercontent.com/file/vn-11134207-81ztc-mpd6e4jpabya31
TINH NGUYÊN,Tỉnh Tây Ninh,Bánh Tráng Ớt Tây Ninh Tinh Nguyên (200g),Rice Paper Tinh Nguyen Tay Ninh Chili (200g),21500,Đặc sản chất lượng - Bánh Tráng Ớt Tây Ninh Tinh Nguyên (200g),Quality Specialty - Tinh Nguyen Chili Rice Paper (200g),Local Food,Ẩm thực,https://down-vn.img.susercontent.com/file/vn-11134207-81ztc-mpd610kd83d85a
TINH NGUYÊN,Tỉnh Tây Ninh,Bánh Tráng Trộn Bơ Tỏi Fadely (50g),Fadely Garlic Butter Mixed Rice Paper (50g),24000,Đặc sản chất lượng - Bánh Tráng Trộn Bơ Tỏi Fadely (50g),Quality Specialty - Fadely Garlic Butter Mixed Rice Paper (50g),Local Food,Ẩm thực,https://down-vn.img.susercontent.com/file/vn-11134207-81ztc-mpd6mwvrhs76db
TINH NGUYÊN,Tỉnh Tây Ninh,Muối Tôm Tây Ninh Tinh Nguyên (90g),Tinh Nguyen Tay Ninh Shrimp Salt (90g),18130,Đặc sản chất lượng - Muối Tôm Tây Ninh Tinh Nguyên (90g),Quality Specialty - Tinh Nguyen Tay Ninh Shrimp Salt (90g),Local Food,Ẩm thực,https://down-vn.img.susercontent.com/file/vn-11134207-81ztc-mpd60nftj9jh07
TINH NGUYÊN,Tỉnh Tây Ninh,Muối Tôm Siêu Cay Tây Ninh Tinh Nguyên (95g),Tinh Nguyen Tay Ninh Super Spicy Shrimp Salt (95g),21800,Đặc sản chất lượng - Muối Tôm Siêu Cay Tây Ninh Tinh Nguyên (95g),Quality Specialty - Tinh Nguyen Super Spicy Tay Ninh Shrimp Salt (95g),Local Food,Ẩm thực,https://down-vn.img.susercontent.com/file/vn-11134207-81ztc-mpd5tcmdrrb6b9
TINH NGUYÊN,Tỉnh Tây Ninh,Combo 5 Bánh Tráng Ớt Tây Ninh Tinh Nguyên (100gx5gói),Combo 5 Tinh Nguyen Tay Ninh Chili Rice Paper (100g x 5 packs),57600,Đặc sản chất lượng - Combo 5 Bánh Tráng Ớt Tây Ninh Tinh Nguyên (100gx5gói),Quality Specialty - Combo of 5 Rice Papers Tinh Nguyen Tay Ninh Chili Peppers (100g x 5 packs),Local Food,Ẩm thực,https://down-vn.img.susercontent.com/file/vn-11134207-81ztc-mpd5s6vp74lr22
TINH NGUYÊN,Tỉnh Tây Ninh,Muối Tiêu Lá Chanh Tây Ninh Tinh Nguyên (90g),Tinh Nguyen Tay Ninh Pepper and Lime Leaf Salt (90g),19500,Đặc sản chất lượng - Muối Tiêu Lá Chanh Tây Ninh Tinh Nguyên (90g),Quality Specialty - Tinh Nguyen Tay Ninh Lemon Leaf Pepper Salt (90g),Local Food,Ẩm thực,https://down-vn.img.susercontent.com/file/vn-11134207-81ztc-mpd629okwaa7be
TINH NGUYÊN,Tỉnh Tây Ninh,Combo 4 Bánh Tráng Siêu Mỏng Tây Ninh Tinh Nguyên (180gx4gói),Combo 4 Tinh Nguyen Tay Ninh Ultra Thin Rice Paper (180g x 4 packs),70200,Đặc sản chất lượng - Combo 4 Bánh Tráng Siêu Mỏng Tây Ninh Tinh Nguyên (180gx4gói),Quality Specialty - Combo of 4 Tinh Nguyen Tay Ninh Ultra-Thin Rice Papers (180g x 4 packs),Local Food,Ẩm thực,https://down-vn.img.susercontent.com/file/vn-11134207-81ztc-mpd5u3jpsq2z86
TINH NGUYÊN,Tỉnh Tây Ninh,Muối Ớt Chanh Tinh Nguyên (200g),Tinh Nguyen Chili and Lime Salt (200g),21070,Đặc sản chất lượng - Muối Ớt Chanh Tinh Nguyên (200g),Quality Specialty - Tinh Nguyen Lemon Chili Salt (200g),Local Food,Ẩm thực,https://down-vn.img.susercontent.com/file/vn-11134207-81ztc-mpd6op7ji9la9f
dmewmapcraft,Thành phố Hồ Chí Minh,"MÔ HÌNH MINI NHÀ CỬA PHONG CÁCH ĐỊA TRUNG HẢI - DECOR, TRANG TRÍ TIỂU CẢNH, BÀN LÀM VIỆC","Miniature Mediterranean-style house models - Decor, miniature landscape decoration, desk decoration",21003,"MÔ HÌNH MINI NHÀ CỬA PHONG CÁCH ĐỊA TRUNG HẢI - DECOR, TRANG TRÍ TIỂU CẢNH, BÀN LÀM VIỆC","Miniature Mediterranean-style house models - Decor, miniature landscape decoration, desk decoration",Handicrafts,Thủ công,https://down-vn.img.susercontent.com/file/vn-11134207-81ztc-mlwy8kgwsnwl39
dmewmapcraft,Thành phố Hồ Chí Minh,"MÔ HÌNH MINI HƯƠU CAO CỔ BỊ BÉO PHÌ - TRANG TRÍ TIỂU CẢNH, DECOR BÀN LÀM VIỆC ĐÁNG IU CỰC","Miniature obese giraffe model - Cute miniature landscape decoration, desk decoration",12085,"MÔ HÌNH MINI HƯƠU CAO CỔ BỊ BÉO PHÌ - TRANG TRÍ TIỂU CẢNH, DECOR BÀN LÀM VIỆC ĐÁNG IU CỰC","Miniature obese giraffe model - Cute miniature landscape decoration, desk decoration",Handicrafts,Thủ công,https://down-vn.img.susercontent.com/file/vn-11134207-81ztc-mmhsjb4ujuo6dc
dmewmapcraft,Thành phố Hồ Chí Minh,MÔ HÌNH CHUỘT HAMSTER GẶM PHÔ MAI MINI - DECOR TRANG TRÍ XE HƠI/BÀN LÀM VIỆC KAWAII,Miniature hamster chewing cheese model - Kawaii car/desk decoration,12564,MÔ HÌNH CHUỘT HAMSTER GẶM PHÔ MAI MINI - DECOR TRANG TRÍ XE HƠI/BÀN LÀM VIỆC KAWAII,Miniature hamster chewing cheese model - Kawaii car/desk decoration,Handicrafts,Thủ công,https://down-vn.img.susercontent.com/file/vn-11134207-820l4-mh9kzmr3auj06a
dmewmapcraft,Thành phố Hồ Chí Minh,"MÔ HÌNH MINI ĐỘNG VẬT GIƠ HAI TAY - DECOR, TRANG TRÍ BÀN LÀM VIỆC DỄ THƯƠNG",Miniature animal raising two hands - Cute desk decoration,22035,"MÔ HÌNH MINI ĐỘNG VẬT GIƠ HAI TAY - DECOR, TRANG TRÍ BÀN LÀM VIỆC DỄ THƯƠNG",Miniature animal raising two hands - Cute desk decoration,Handicrafts,Thủ công,https://down-vn.img.susercontent.com/file/vn-11134207-81ztc-mlql4uff9y4g61
dmewmapcraft,Thành phố Hồ Chí Minh,"MÔ HÌNH MINI VỊT CHÁN ĐỜI - DECOR, TRANG TRÍ BÀN LÀM VIỆC NHÌN CHO CÓ ĐỘNG LỰC LÀM","Miniature bored duck model - Decor, desk decoration MOTIVATIONAL SIGHTS",17556,"MÔ HÌNH MINI VỊT CHÁN ĐỜI - DECOR, TRANG TRÍ BÀN LÀM VIỆC NHÌN CHO CÓ ĐỘNG LỰC LÀM","Miniature bored duck model - Decor, desk decoration MOTIVATIONAL SIGHTS",Handicrafts,Thủ công,https://down-vn.img.susercontent.com/file/vn-11134207-81ztc-mlqmhqzsxudg9c
dmewmapcraft,Thành phố Hồ Chí Minh,"MÔ HÌNH MINI CAPYBARA FEAT BÁNH NGỌT - TRANG TRÍ TIỂU CẢNH, DECOR BÀN LÀM VIỆC","MINI CAPYBARA FEATURING SWEET CAKE MODEL - MINIATURE DECORATION, DESK DECOR",12333,"MÔ HÌNH MINI CAPYBARA FEAT BÁNH NGỌT - TRANG TRÍ TIỂU CẢNH, DECOR BÀN LÀM VIỆC","MINI CAPYBARA FEATURING SWEET CAKE MODEL - MINIATURE DECORATION, DESK DECOR",Handicrafts,Thủ công,https://down-vn.img.susercontent.com/file/vn-11134207-81ztc-mmhwsav1ciz3f7
dmewmapcraft,Thành phố Hồ Chí Minh,MÔ HÌNH VỊT HƯỞNG THỤ CỘT SỐNG MINI - DECOR GÓC LÀM VIỆC CỰC DỄ THƯƠNG,MINI DUCK MODEL WITH A RELAXING SPINE - CUTE WORKSPACE DECOR,20998,MÔ HÌNH VỊT HƯỞNG THỤ CỘT SỐNG MINI - DECOR GÓC LÀM VIỆC CỰC DỄ THƯƠNG,MINI DUCK MODEL WITH A RELAXING SPINE - CUTE WORKSPACE DECOR,Handicrafts,Thủ công,https://down-vn.img.susercontent.com/file/vn-11134207-820l4-mjfx3e2di6tc1e
TAYTA Group,Tỉnh Tây Ninh,"Đồ chơi lắp ghép Mô hình giấy 3D Lăng Bác - Bộ Lắp Ghép DIY Handmade Trang Trí, Sưu Tầm TAYTA","3D Paper Model of Ho Chi Minh Mausoleum - DIY Handmade Decoration, Collectible TAYTA",199000,"Đồ chơi lắp ghép Mô hình giấy 3D Lăng Bác - Bộ Lắp Ghép DIY Handmade Trang Trí, Sưu Tầm TAYTA","3D Paper Model of Ho Chi Minh Mausoleum - DIY Handmade Decoration, Collectible TAYTA",Handicrafts,Thủ công,https://down-vn.img.susercontent.com/file/f820336e53df0b2e67af0865debef171
TAYTA Group,Tỉnh Tây Ninh,Mô hình giấy 3D xe tăng 390 húc Cổng Dinh Độc Lập - Bộ lắp ráp DIY Handmade lịch sử Việt Nam - TAYTA,3D Paper Model of Tank 390 Ramming the Independence Palace Gate - DIY Handmade Vietnamese History Assembly Kit - TAYTA,90000,Mô hình giấy 3D xe tăng 390 húc Cổng Dinh Độc Lập - Bộ lắp ráp DIY Handmade lịch sử Việt Nam - TAYTA,3D Paper Model of Tank 390 Ramming the Independence Palace Gate - DIY Handmade Vietnamese History Assembly Kit - TAYTA,Handicrafts,Thủ công,https://down-vn.img.susercontent.com/file/9711f6513fa510be9595f89d0d54932e
TAYTA Group,Tỉnh Tây Ninh,Thiệp 3D Tháp Rùa Hà Nội Món Quà Lưu Niệm Ấn Tượng,"3D Greeting Card of Turtle Tower, Hanoi - Impressive Souvenir Gift",210000,Thiệp 3D Tháp Rùa Hà Nội Món Quà Lưu Niệm Ấn Tượng,"3D Greeting Card of Turtle Tower, Hanoi - Impressive Souvenir Gift",Handicrafts,Thủ công,https://down-vn.img.susercontent.com/file/1885338c13db430c932cb40d80282683
TAYTA Group,Tỉnh Tây Ninh,Mô hình giấy 3D Bến Nhà Rồng tự lắp ghép - Bộ Lắp Ráp DIY Handmade Quà Lưu Niệm TAYTA,3D Paper Model of Nha Rong Wharf - DIY Handmade Souvenir Kit TAYTA,210000,Mô hình giấy 3D Bến Nhà Rồng tự lắp ghép - Bộ Lắp Ráp DIY Handmade Quà Lưu Niệm TAYTA,3D Paper Model of Nha Rong Wharf - DIY Handmade Souvenir Kit TAYTA,Handicrafts,Thủ công,https://down-vn.img.susercontent.com/file/7ae163fab81b8706928083d2d8bea55f
TAYTA Group,Tỉnh Tây Ninh,Thiệp 3D Pop Up Hà Nội Phố Cổ Quán Xá Handmade Quà Lưu Niệm - TAYTA,"3D Pop-Up Greeting Card of Hanoi Old Quarter, Restaurants, Souvenir Gift - TAYTA",114000,Thiệp 3D Pop Up Hà Nội Phố Cổ Quán Xá Handmade Quà Lưu Niệm - TAYTA,"3D Pop-Up Greeting Card of Hanoi Old Quarter, Restaurants, Souvenir Gift - TAYTA",Handicrafts,Thủ công,https://down-vn.img.susercontent.com/file/e3b5372189d9bff2be8e2e1a90901e64
TAYTA Group,Tỉnh Tây Ninh,Lồng Đèn Hoa Sen Nhựa Trang Trí Phật Đản Mới Nhất - TAYTA NHIỀU MẪU,Latest Plastic Lotus Flower Lanterns for Buddha's Birthday Decoration - TAYTA MANY DESIGNS,105000,Lồng Đèn Hoa Sen Nhựa Trang Trí Phật Đản Mới Nhất - TAYTA NHIỀU MẪU,Latest Plastic Lotus Flower Lanterns for Buddha's Birthday Decoration - TAYTA MANY DESIGNS,Handicrafts,Thủ công,https://down-vn.img.susercontent.com/file/vn-11134207-7ra0g-m7lph9fw7pfn4b
TAYTA Group,Tỉnh Tây Ninh,Lồng Đèn Gỗ Hoa Sen hình Đức Phật trang trí Phật Đản mẫu mới nhất - TAYTA,Latest Wooden Lotus Flower Lanterns with Buddha image for Buddha's Birthday Decoration - TAYTA,125000,Lồng Đèn Gỗ Hoa Sen hình Đức Phật trang trí Phật Đản mẫu mới nhất - TAYTA,Latest Wooden Lotus Flower Lanterns with Buddha image for Buddha's Birthday Decoration - TAYTA,Handicrafts,Thủ công,https://down-vn.img.susercontent.com/file/a20cb3bcf4650f51f68e5d8f772bf14f
Ailaikit-Dụng Cụ Võ Thuật,Thành phố Hồ Chí Minh,Ván Gỗ Công Phá Võ Thuật Taekwondo – Vovinam – Kickboxing | Khắc Laser Định Hướng Sớ Gỗ | Ailaikit,"Handmade Wooden Boards for Taekwondo, Vovinam, and Kickboxing Martial Arts | Laser Engraved Wood Grain | Ailaikit",19500,Ván Gỗ Công Phá Võ Thuật Taekwondo – Vovinam – Kickboxing | Khắc Laser Định Hướng Sớ Gỗ | Ailaikit,"Handmade Wooden Boards for Taekwondo, Vovinam, and Kickboxing Martial Arts | Laser Engraved Wood Grain | Ailaikit",Handicrafts,Thủ công,https://down-vn.img.susercontent.com/file/vn-11134207-81ztc-ml5r7ll611j4a9
Quà tặng VoVi PlasticFree,Thành phố Hà Nội,"Hộp quà nến thơm, sáp thơm handmade TẶNG THIỆP POSTCARD xinh xắn sinh nhật bạn bè, tặng bạn gái, người yêu QT01","Handmade scented candle gift box with beautiful postcard for friends' birthdays, girlfriends, and lovers QT01",69000,"Hộp quà nến thơm, sáp thơm handmade TẶNG THIỆP POSTCARD xinh xắn sinh nhật bạn bè, tặng bạn gái, người yêu QT01","Handmade scented candle gift box with beautiful postcard for friends' birthdays, girlfriends, and lovers QT01",Handicrafts,Thủ công,https://down-vn.img.susercontent.com/file/vn-11134201-7qukw-lepka93koiib2c
Silver_mit0107,Thành phố Hà Nội,Móc khoá gỗ handmade cao cấp. Móc khoá chó mèo heo vẹt capypara ngựa sao biển. Quà tặng bạn bè người thân. diyq,"High-end handmade wooden keychains. Keychains of dogs, cats, pigs, parrots, capypara, horses, and starfish. Gifts for friends and relatives. diyq",60000,Móc khoá gỗ handmade cao cấp. Móc khoá chó mèo heo vẹt capypara ngựa sao biển. Quà tặng bạn bè người thân. diyq,"High-end handmade wooden keychains. Keychains of dogs, cats, pigs, parrots, capypara, horses, and starfish. Gifts for friends and relatives. diyq",Handicrafts,Thủ công,https://down-vn.img.susercontent.com/file/vn-11134207-820l4-mfzoe5xucxsffb
Silver_mit0107,Thành phố Hà Nội,Tượng gỗ điêu khắc thủ công chú mèo đen trắng cam giáng sinh. Quà tặng bạn bè người thân,"Handcrafted wooden sculpture of a black, white, and orange Christmas cat. Gifts for friends and relatives",114999,Tượng gỗ điêu khắc thủ công chú mèo đen trắng cam giáng sinh. Quà tặng bạn bè người thân,"Handcrafted wooden sculpture of a black, white, and orange Christmas cat. Gifts for friends and relatives",Handicrafts,Thủ công,https://down-vn.img.susercontent.com/file/vn-11134207-81ztc-mke3859hwmpx59
Silver_mit0107,Thành phố Hà Nội,Đồ trang trí mèo con bằng gỗ điêu khắc thủ công. Decor phòng. Quà tặng thủ công handmade mèo đứng,Handcrafted wooden kitten decorations. Room decor. Handmade standing cat gift,54000,Đồ trang trí mèo con bằng gỗ điêu khắc thủ công. Decor phòng. Quà tặng thủ công handmade mèo đứng,Handcrafted wooden kitten decorations. Room decor. Handmade standing cat gift,Handicrafts,Thủ công,https://down-vn.img.susercontent.com/file/vn-11134207-7ras8-mb2hrppu3zrr86
Silver_mit0107,Thành phố Hà Nội,Đồ trang trí mèo con bằng gỗ cute. Móc khoá điêu khắc mèo cam bằng gỗ tự nhiên. Đồ trang trí,Cute wooden kitten decorations. Orange cat keychain made of natural wood. Decorations,72519,Đồ trang trí mèo con bằng gỗ cute. Móc khoá điêu khắc mèo cam bằng gỗ tự nhiên. Đồ trang trí,Cute wooden kitten decorations. Orange cat keychain made of natural wood. Decorations,Handicrafts,Thủ công,https://down-vn.img.susercontent.com/file/vn-11134207-7ras8-mc7b3ivc2f022c
Silver_mit0107,Thành phố Hà Nội,"Hộp nhạc gỗ tay quay harry potter và con cú. Hộp nhạc gỗ quà tặng bạn bè người thân Ron, Hermione, gryffindor","Wooden music box with hand crank featuring Harry Potter and the owl. Wooden music box gift for friends and relatives: Ron, Hermione, Gryffindor",75000,"Hộp nhạc gỗ tay quay harry potter và con cú. Hộp nhạc gỗ quà tặng bạn bè người thân Ron, Hermione, gryffindor","Wooden music box with hand crank featuring Harry Potter and the owl. Wooden music box gift for friends and relatives: Ron, Hermione, Gryffindor",Handicrafts,Thủ công,https://down-vn.img.susercontent.com/file/vn-11134207-820l4-mgn3ms5hp4i6ae
Silver_mit0107,Thành phố Hà Nội,Đồ trang trí mèo con bằng gỗ cute. Móc khoá điêu khắc mèo con M76 bằng gỗ tự nhiên. Đồ trang trí,Cute wooden kitten decoration. M76 kitten carving keychain made of natural wood. Decoration,72999,Đồ trang trí mèo con bằng gỗ cute. Móc khoá điêu khắc mèo con M76 bằng gỗ tự nhiên. Đồ trang trí,Cute wooden kitten decoration. M76 kitten carving keychain made of natural wood. Decoration,Handicrafts,Thủ công,https://down-vn.img.susercontent.com/file/vn-11134207-81ztc-mm4u6d7nhxqaa2
Silver_mit0107,Thành phố Hà Nội,"Điêu khắc gỗ thủ công zombie plant hoa hướng dương, đá, điêu khắc gỗ. handmade Quà tặng bạn bè người thân sẽ","Handcrafted wooden carvings: zombie plant, sunflower, stone, wood carving. Handmade gift for friends and relatives.",74000,"Điêu khắc gỗ thủ công zombie plant hoa hướng dương, đá, điêu khắc gỗ. handmade Quà tặng bạn bè người thân sẽ","Handcrafted wooden carvings: zombie plant, sunflower, stone, wood carving. Handmade gift for friends and relatives.",Handicrafts,Thủ công,https://down-vn.img.susercontent.com/file/vn-11134207-81ztc-mlx54yutsoht9b
Silver_mit0107,Thành phố Hà Nội,Đồ trang trí mèo con bằng gỗ điêu khắc thủ công. Decor phòng. Quà tặng thủ công handmade mèo ngồi,Handcrafted wooden kitten decoration. Room decor. Handmade gift: sitting cat.,53999,Đồ trang trí mèo con bằng gỗ điêu khắc thủ công. Decor phòng. Quà tặng thủ công handmade mèo ngồi,Handcrafted wooden kitten decoration. Room decor. Handmade gift: sitting cat.,Handicrafts,Thủ công,https://down-vn.img.susercontent.com/file/vn-11134207-7ras8-m12synzc766zef